"site","experiment","TrtID","year","input_type","modelled_SOC"
"E10_CT_CR1","E10","E10_CT_CR1",1992,"0-15",43.4
"E10_CT_CR2","E10","E10_CT_CR2",1992,"0-15",43.4
"E10_NT_CR1","E10","E10_NT_CR1",1992,"0-15",47.4
"E10_NT_CR2","E10","E10_NT_CR2",1992,"0-15",47.4
"E11_CT_CR1","E11","E11_CT_CR1",1992,"0-15",46.55
"E11_CT_CR2","E11","E11_CT_CR2",1992,"0-15",46.55
"E11_NT_CR1","E11","E11_NT_CR1",1992,"0-15",47.05
"E11_NT_CR2","E11","E11_NT_CR2",1992,"0-15",47.05
"E12_CT_CR1","E12","E12_CT_CR1",1991,"0-15",91.1
"E12_CT_CR2","E12","E12_CT_CR2",1991,"0-15",91.1
"E12_NT_CR1","E12","E12_NT_CR1",1991,"0-15",91.9
"E12_NT_CR2","E12","E12_NT_CR2",1991,"0-15",91.9
"E13_CT","E13","E13_CT_CR3",1989,"0-15",84.5
"E13_NT","E13","E13_NT_CR3",1989,"0-15",88.3
"E14_CT","E14","E14_CT_CR3",1989,"0-15",131.2
"E14_NT","E14","E14_NT_CR3",1989,"0-15",132.6
"E15_CT_CR1","E15","E15_CT_CR1",1996,"0-15",60.15
"E15_CT_CR2","E15","E15_CT_CR2",1996,"0-15",60.15
"E15_CT_CR4","E15","E15_CT_CR4",1996,"0-15",60.15
"E15_NT_CR1","E15","E15_NT_CR1",1996,"0-15",62.05
"E15_NT_CR2","E15","E15_NT_CR2",1996,"0-15",62.05
"E15_NT_CR4","E15","E15_NT_CR4",1996,"0-15",62.05
"E16_CT","E16","E16_CT_CR5",1993,"0-50",23.4
"E16_NT","E16","E16_NT_CR5",1993,"0-50",22.1
"E17_CT","E17","E17_CT_CR5",1995,"0-50",72.2
"E17_NT","E17","E17_NT_CR5",1995,"0-50",71.7
"E18_CT","E18","E18_CT_CR6",1994,"0-60",49.8
"E18_NT","E18","E18_NT_CR6",1994,"0-60",41.8
"E19_CT","E19","E19_CT_CR6",1994,"0-60",44.8
"E19_NT","E19","E19_NT_CR6",1994,"0-60",44.1
"E1_F0NS_CT","E1","E1_F0NS_CT_CR1",1983,"0-20",131.9
"E1_F0NS_CT","E1","E1_F0NS_CT_CR1",1995,"0-20",149.29
"E1_F0NS_CT","E1","E1_F0NS_CT_CR3",2009,"0-20",140.9833333
"E1_F0S_CT","E1","E1_F0S_CT_CR1",1983,"0-20",131.9
"E1_F0S_CT","E1","E1_F0S_CT_CR1",1995,"0-20",147.5566667
"E1_F0S_CT","E1","E1_F0S_CT_CR3",2009,"0-20",140.5433333
"E1_F25NS_CT","E1","E1_F25NS_CT_CR1",1983,"0-20",131.9
"E1_F25NS_CT","E1","E1_F25NS_CT_CR1",1995,"0-20",148.09
"E1_F25NS_CT","E1","E1_F25NS_CT_CR3",2009,"0-20",145.01
"E1_F25S_CT","E1","E1_F25S_CT_CR1",1983,"0-20",131.9
"E1_F25S_CT","E1","E1_F25S_CT_CR1",1995,"0-20",151.1566667
"E1_F25S_CT","E1","E1_F25S_CT_CR3",2009,"0-20",144.77
"E1_F50NS_CT","E1","E1_F50NS_CT_CR1",1983,"0-20",131.9
"E1_F50NS_CT","E1","E1_F50NS_CT_CR1",1995,"0-20",148.49
"E1_F50NS_CT","E1","E1_F50NS_CT_CR3",2009,"0-20",138.9166667
"E1_F50S_CT","E1","E1_F50S_CT_CR1",1983,"0-20",131.9
"E1_F50S_CT","E1","E1_F50S_CT_CR1",1995,"0-20",149.8233333
"E1_F50S_CT","E1","E1_F50S_CT_CR3",2009,"0-20",141.6766667
"E1_F75NS_CT","E1","E1_F75NS_CT_CR1",1983,"0-20",131.9
"E1_F75NS_CT","E1","E1_F75NS_CT_CR1",1995,"0-20",150.09
"E1_F75NS_CT","E1","E1_F75NS_CT_CR3",2009,"0-20",143.0633333
"E1_F75S_CT","E1","E1_F75S_CT_CR1",1983,"0-20",131.9
"E1_F75S_CT","E1","E1_F75S_CT_CR1",1995,"0-20",153.69
"E1_F75S_CT","E1","E1_F75S_CT_CR3",2009,"0-20",147.7433333
"E20_CT","E20","E20_CT_CR3",1994,"0-60",75.25
"E20_NT","E20","E20_NT_CR3",1994,"0-60",54.95
"E21_CT","E21","E21_CT_CR3",1994,"0-60",42.4
"E21_NT","E21","E21_NT_CR3",1994,"0-60",36
"E22_CT","E22","E22_CT_CR3",1994,"0-60",41.95
"E22_NT","E22","E22_NT_CR3",1994,"0-60",36.45
"E23_CT","E23","E23_CT_CR3",1994,"0-60",37.85
"E23_NT","E23","E23_NT_CR3",1994,"0-60",40.55
"E24_CT","E24","E24_CT_CR5",1994,"0-60",52.1
"E24_NT","E24","E24_NT_CR5",1994,"0-60",62.5
"E25_CT","E25","E25_CT_CR5",1994,"0-60",30
"E25_NT","E25","E25_NT_CR5",1994,"0-60",26.9
"E26_CT","E26","E26_CT_CR5",1994,"0-60",74.65
"E26_NT","E26","E26_NT_CR5",1994,"0-60",73.75
"E27_CT","E27","E27_CT_CR7",1988,"0-16",44.85
"E27_NT","E27","E27_NT_CR7",1988,"0-16",46.75
"E28_CT","E28","E28_CT_CR8",1999,"0-40",81.9
"E28_NT","E28","E28_NT_CR8",1999,"0-40",88.7
"E29_CT_CR10","E29","E29_CT_CR10",1997,"0-30",28.3
"E29_CT_CR9","E29","E29_CT_CR9",1997,"0-30",28.3
"E29_NT_CR10","E29","E29_NT_CR10",1997,"0-30",30.1
"E29_NT_CR9","E29","E29_NT_CR9",1997,"0-30",30.1
"E2_F1_CT_1","E2","E2_F1_CR1",2004,"0-30",88.7
"E2_F1_CT_1","E2","E2_F1_CR1",2009,"0-30",78.31521607
"E2_F1_CT_1","E2","E2_F1_CR1",2017,"0-30",92.04195504
"E2_F1_CT_2","E2","E2_F1_CR1",2004,"0-30",88.7
"E2_F1_CT_2","E2","E2_F1_CR1",2009,"0-30",78.31521607
"E2_F1_CT_2","E2","E2_F1_CR1",2017,"0-30",92.04195504
"E2_F1_CT_3","E2","E2_F1_CR1",2004,"0-30",88.7
"E2_F1_CT_3","E2","E2_F1_CR1",2009,"0-30",78.31521607
"E2_F1_CT_3","E2","E2_F1_CR1",2017,"0-30",92.04195504
"E2_F2_CT_1","E2","E2_F2_CR1",2004,"0-30",88.7
"E2_F2_CT_1","E2","E2_F2_CR1",2009,"0-30",77.51973077
"E2_F2_CT_1","E2","E2_F2_CR1",2017,"0-30",95.85529994
"E2_F2_CT_2","E2","E2_F2_CR1",2004,"0-30",88.7
"E2_F2_CT_2","E2","E2_F2_CR1",2009,"0-30",77.51973077
"E2_F2_CT_2","E2","E2_F2_CR1",2017,"0-30",95.85529994
"E2_F2_CT_3","E2","E2_F2_CR1",2004,"0-30",88.7
"E2_F2_CT_3","E2","E2_F2_CR1",2009,"0-30",77.51973077
"E2_F2_CT_3","E2","E2_F2_CR1",2017,"0-30",95.85529994
"E2_F3_CT_1","E2","E2_F3_CR1",2004,"0-30",88.7
"E2_F3_CT_1","E2","E2_F3_CR1",2009,"0-30",104.2914079
"E2_F3_CT_1","E2","E2_F3_CR1",2017,"0-30",101.3614603
"E2_F3_CT_2","E2","E2_F3_CR1",2004,"0-30",88.7
"E2_F3_CT_2","E2","E2_F3_CR1",2009,"0-30",104.2914079
"E2_F3_CT_2","E2","E2_F3_CR1",2017,"0-30",101.3614603
"E2_F3_CT_3","E2","E2_F3_CR1",2004,"0-30",88.7
"E2_F3_CT_3","E2","E2_F3_CR1",2009,"0-30",104.2914079
"E2_F3_CT_3","E2","E2_F3_CR1",2017,"0-30",101.3614603
"E2_F4_CT_1","E2","E2_F4_CR1",2004,"0-30",88.7
"E2_F4_CT_1","E2","E2_F4_CR1",2009,"0-30",79.7059428
"E2_F4_CT_1","E2","E2_F4_CR1",2017,"0-30",98.38368709
"E2_F4_CT_2","E2","E2_F4_CR1",2004,"0-30",88.7
"E2_F4_CT_2","E2","E2_F4_CR1",2009,"0-30",79.7059428
"E2_F4_CT_2","E2","E2_F4_CR1",2017,"0-30",98.38368709
"E2_F4_CT_3","E2","E2_F4_CR1",2004,"0-30",88.7
"E2_F4_CT_3","E2","E2_F4_CR1",2009,"0-30",79.7059428
"E2_F4_CT_3","E2","E2_F4_CR1",2017,"0-30",98.38368709
"E30_CT","E30","E30_CT_CR13",1992,"0-40",47.4
"E30_NT","E30","E30_NT_CR13",1992,"0-40",41.5
"E31_CT","E31","E31_CT_CR14",1999,"0-45",66.8
"E31_NT","E31","E31_NT_CR14",1999,"0-45",61.9
"E32_CT","E32","E32_CT_CR14",1999,"0-45",34.3
"E32_NT","E32","E32_NT_CR14",1999,"0-45",35.7
"E33_CT","E33","E33_CT_CR14",1999,"0-45",46.6
"E33_NT","E33","E33_NT_CR14",1999,"0-45",47.9
"E34_CT","E34","E34_CT_CR14",1999,"0-45",46.1
"E34_NT","E34","E34_NT_CR14",1999,"0-45",38.3
"E35_CT","E35","E35_CT_CR15",1997,"0-20",140.4
"E35_NT","E35","E35_NT_CR15",1997,"0-20",155.8
"E36_CT","E36","E36_CT_CR2",1991,"0-20",93.1
"E36_NT","E36","E36_NT_CR2",1991,"0-20",89.9
"E37_CT_CR16","E37","E37_CT_CR16",1990,"0-15",61.75
"E37_NT_CR16","E37","E37_NT_CR16",1990,"0-15",68.45
"E38_CT","E38","E38_CT_CR17",1994,"0-20",87.35
"E38_NT","E38","E38_NT_CR17",1994,"0-20",95.65
"E39_CT","E39","E39_CT_CR18",1984,"0-30",70.7
"E39_NT","E39","E39_NT_CR18",1984,"0-30",66.5
"E3_0_CT","E3","E3_0_CR1",1992,"0-30",84.14674899
"E3_0_CT","E3","E3_0_CR1",1996,"0-30",74.59980706
"E3_0_CT","E3","E3_0_CR1",2000,"0-30",68.31658661
"E3_0_CT","E3","E3_0_CR1",2013,"0-30",77.33474769
"E3_100_CT","E3","E3_100_CR1",1992,"0-30",81.7305297
"E3_100_CT","E3","E3_100_CR1",2000,"0-30",61.02840302
"E3_100_CT","E3","E3_100_CR1",2013,"0-30",95.16348934
"E3_200_CT","E3","E3_200_CR1",1992,"0-30",80.5975927
"E3_200_CT","E3","E3_200_CR1",2000,"0-30",77.21164533
"E3_200_CT","E3","E3_200_CR1",2013,"0-30",87.67333077
"E40_CT","E40","E40_CT_CR5",1987,"0-30",21.9
"E40_NT","E40","E40_NT_CR5",1987,"0-30",22.1
"E41_CT_CR19","E41","E41_CT_CR19",1989,"0-15",59.15
"E41_CT_CR20","E41","E41_CT_CR20",1989,"0-15",59.15
"E41_CT_CR21","E41","E41_CT_CR21",1989,"0-15",59.15
"E41_NT_CR19","E41","E41_NT_CR19",1989,"0-15",63.05
"E41_NT_CR20","E41","E41_NT_CR20",1989,"0-15",63.05
"E41_NT_CR21","E41","E41_NT_CR21",1989,"0-15",63.05
"E42_CT","E42","E42_CT_CR1",2011,"0-15",46.7
"E42_NT","E42","E42_NT_CR1",2011,"0-15",53.5
"E43_CT","E43","E43_CT_CR2",2014,"0-15",90.65
"E43_NT","E43","E43_NT_CR2",2014,"0-15",92.35
"E44_CT","E44","E44_CT_CR22",2004,"0-15",77.45
"E44_NT","E44","E44_NT_CR22",2004,"0-15",86.35
"E45_CT","E45","E45_CT_CR22",2004,"0-15",80.2
"E45_NT","E45","E45_NT_CR22",2004,"0-15",84.6
"E46_CT","E46","E46_CT_CR23",1998,"0-15",84.45
"E46_NT","E46","E46_NT_CR23",1998,"0-15",88.35
"E47_CT","E47","E47_CT_CR23",2006,"0-15",84.6
"E47_NT","E47","E47_NT_CR23",2006,"0-15",88.2
"E48_CT","E48","E48_CT_CR24",1998,"0-15",130.9
"E48_NT","E48","E48_NT_CR24",1998,"0-15",132.9
"E49_CT","E49","E49_CT_CR24",2006,"0-15",131.4
"E49_NT","E49","E49_NT_CR24",2006,"0-15",132.4
"E4_101","E4","E4_14_RT_CR8",1992,"c(""0-7.5"", ""7.5-15"", ""15-30"")",78.85
"E4_102","E4","E4_22_NT_CR5",1954,"c(""0-15"", ""15-30"")",95.2
"E4_102","E4","E4_22_RT_CR5",1967,"c(""0-15"", ""15-30"")",95.2
"E4_102","E4","E4_22_RT_CR5",1974,"c(""0-15"", ""15-30"")",93.9
"E4_102","E4","E4_22_RT_CR5",1985,"c(""0-15"", ""15-30"")",88.7
"E4_102","E4","E4_22_RT_CR5",1992,"c(""0-7.5"", ""7.5-15"", ""15-30"")",93.95
"E4_103","E4","E4_5_RT_CR3",1954,"c(""0-15"", ""15-30"")",87.7
"E4_103","E4","E4_5_RT_CR3",1967,"c(""0-15"", ""15-30"")",85.7
"E4_103","E4","E4_5_RT_CR3",1974,"c(""0-15"", ""15-30"")",81.3
"E4_103","E4","E4_5_RT_CR3",1985,"c(""0-15"", ""15-30"")",74.4
"E4_103","E4","E4_5_RT_CR3",1992,"c(""0-7.5"", ""7.5-15"", ""15-30"")",82.45
"E4_104","E4","E4_17_RT_CR9",1992,"c(""0-7.5"", ""7.5-15"", ""15-30"")",71.3
"E4_105","E4","E4_19_RT_CR3",1954,"c(""0-15"", ""15-30"")",89.3
"E4_105","E4","E4_19_RT_CR3",1967,"c(""0-15"", ""15-30"")",86.5
"E4_105","E4","E4_19_RT_CR3",1974,"c(""0-15"", ""15-30"")",83.4
"E4_105","E4","E4_19_RT_CR3",1985,"c(""0-15"", ""15-30"")",80.9
"E4_105","E4","E4_19_RT_CR3",1992,"c(""0-7.5"", ""7.5-15"", ""15-30"")",105.05
"E4_106","E4","E4_8_RT_CR2",1992,"c(""0-7.5"", ""7.5-15"", ""15-30"")",90.1
"E4_107","E4","E4_25_RT_CR5",1954,"c(""0-15"", ""15-30"")",92.6
"E4_107","E4","E4_25_RT_CR5",1967,"c(""0-15"", ""15-30"")",94
"E4_107","E4","E4_25_RT_CR5",1974,"c(""0-15"", ""15-30"")",83.3
"E4_107","E4","E4_25_RT_CR5",1985,"c(""0-15"", ""15-30"")",83.5
"E4_107","E4","E4_25_RT_CR5",1992,"c(""0-7.5"", ""7.5-15"", ""15-30"")",93.05
"E4_108","E4","E4_2_RT_CR2",1954,"c(""0-15"", ""15-30"")",90.2
"E4_108","E4","E4_2_RT_CR2",1967,"c(""0-15"", ""15-30"")",83.6
"E4_108","E4","E4_2_RT_CR2",1974,"c(""0-15"", ""15-30"")",75.1
"E4_108","E4","E4_2_RT_CR2",1985,"c(""0-15"", ""15-30"")",73.2
"E4_108","E4","E4_2_RT_CR2",1992,"c(""0-7.5"", ""7.5-15"", ""15-30"")",83.15
"E4_109","E4","E4_1_RT_CR12",1954,"c(""0-15"", ""15-30"")",94.2
"E4_109","E4","E4_1_RT_CR12",1967,"c(""0-15"", ""15-30"")",92.4
"E4_109","E4","E4_1_RT_CR12",1974,"c(""0-15"", ""15-30"")",81.7
"E4_109","E4","E4_1_RT_CR12",1985,"c(""0-15"", ""15-30"")",88.8
"E4_109","E4","E4_1_RT_CR12",1992,"c(""0-7.5"", ""7.5-15"", ""15-30"")",88.25
"E4_110","E4","E4_3_RT_CR2",1954,"c(""0-15"", ""15-30"")",91.8
"E4_110","E4","E4_3_RT_CR2",1967,"c(""0-15"", ""15-30"")",85.4
"E4_110","E4","E4_3_RT_CR2",1974,"c(""0-15"", ""15-30"")",83
"E4_110","E4","E4_3_RT_CR2",1985,"c(""0-15"", ""15-30"")",71.5
"E4_110","E4","E4_3_RT_CR2",1992,"c(""0-7.5"", ""7.5-15"", ""15-30"")",84
"E4_111","E4","E4_20_RT_CR3",1954,"c(""0-15"", ""15-30"")",85
"E4_111","E4","E4_20_RT_CR3",1967,"c(""0-15"", ""15-30"")",91.5
"E4_111","E4","E4_20_RT_CR3",1974,"c(""0-15"", ""15-30"")",83.4
"E4_111","E4","E4_20_RT_CR3",1985,"c(""0-15"", ""15-30"")",80.7
"E4_111","E4","E4_20_RT_CR3",1992,"c(""0-7.5"", ""7.5-15"", ""15-30"")",100.9
"E4_112","E4","E4_6_RT_CR3",1954,"c(""0-15"", ""15-30"")",89.7
"E4_112","E4","E4_6_RT_CR3",1967,"c(""0-15"", ""15-30"")",84.7
"E4_112","E4","E4_6_RT_CR3",1974,"c(""0-15"", ""15-30"")",73.4
"E4_112","E4","E4_6_RT_CR3",1985,"c(""0-15"", ""15-30"")",74.3
"E4_112","E4","E4_6_RT_CR3",1992,"c(""0-7.5"", ""7.5-15"", ""15-30"")",95.1
"E4_113","E4","E4_10_RT_CR3",1992,"c(""0-7.5"", ""7.5-15"", ""15-30"")",83.35
"E4_114","E4","E4_26_RT_CR5",1954,"c(""0-15"", ""15-30"")",84.6
"E4_114","E4","E4_26_RT_CR5",1967,"c(""0-15"", ""15-30"")",85.5
"E4_114","E4","E4_26_NT_CR5",1974,"c(""0-15"", ""15-30"")",84.1
"E4_114","E4","E4_26_RT_CR5",1985,"c(""0-15"", ""15-30"")",76
"E4_114","E4","E4_26_NT_CR5",1992,"c(""0-7.5"", ""7.5-15"", ""15-30"")",94
"E4_115","E4","E4_13_RT_CR8",1992,"c(""0-7.5"", ""7.5-15"", ""15-30"")",81.6
"E4_116","E4","E4_18_RT_CR3",1954,"c(""0-15"", ""15-30"")",88.6
"E4_116","E4","E4_18_RT_CR3",1967,"c(""0-15"", ""15-30"")",85.7
"E4_116","E4","E4_18_RT_CR3",1974,"c(""0-15"", ""15-30"")",76.4
"E4_116","E4","E4_18_RT_CR3",1985,"c(""0-15"", ""15-30"")",73.9
"E4_116","E4","E4_18_RT_CR3",1992,"c(""0-7.5"", ""7.5-15"", ""15-30"")",85.85
"E4_117","E4","E4_11_RT_CR3",1992,"c(""0-7.5"", ""7.5-15"", ""15-30"")",80.6
"E4_118","E4","E4_4_RT_CR3",1954,"c(""0-15"", ""15-30"")",90.6
"E4_118","E4","E4_4_RT_CR3",1967,"c(""0-15"", ""15-30"")",83.7
"E4_118","E4","E4_4_RT_CR3",1974,"c(""0-15"", ""15-30"")",74.7
"E4_118","E4","E4_4_RT_CR3",1985,"c(""0-15"", ""15-30"")",72.7
"E4_118","E4","E4_4_RT_CR3",1992,"c(""0-7.5"", ""7.5-15"", ""15-30"")",78.8
"E4_119","E4","E4_29_RT_CR10",1992,"c(""0-7.5"", ""7.5-15"", ""15-30"")",108.5
"E4_120","E4","E4_24_RT_CR5",1954,"c(""0-15"", ""15-30"")",93.6
"E4_120","E4","E4_24_RT_CR5",1967,"c(""0-15"", ""15-30"")",90.4
"E4_120","E4","E4_24_RT_CR5",1974,"c(""0-15"", ""15-30"")",81.7
"E4_120","E4","E4_24_RT_CR5",1985,"c(""0-15"", ""15-30"")",88.7
"E4_120","E4","E4_24_RT_CR5",1992,"c(""0-7.5"", ""7.5-15"", ""15-30"")",90.45
"E4_121","E4","E4_21_RT_CR5",1954,"c(""0-15"", ""15-30"")",94.3
"E4_121","E4","E4_21_NT_CR5",1967,"c(""0-15"", ""15-30"")",90.6
"E4_121","E4","E4_21_RT_CR5",1974,"c(""0-15"", ""15-30"")",82.9
"E4_121","E4","E4_21_NT_CR5",1985,"c(""0-15"", ""15-30"")",86.3
"E4_121","E4","E4_21_RT_CR5",1992,"c(""0-7.5"", ""7.5-15"", ""15-30"")",109.9
"E4_122","E4","E4_9_RT_CR2",1992,"c(""0-7.5"", ""7.5-15"", ""15-30"")",95.95
"E4_123","E4","E4_27_RT_CR12",1992,"c(""0-7.5"", ""7.5-15"", ""15-30"")",96.05
"E4_124","E4","E4_23_RT_CR5",1954,"c(""0-15"", ""15-30"")",98.9
"E4_124","E4","E4_23_RT_CR5",1967,"c(""0-15"", ""15-30"")",98
"E4_124","E4","E4_23_RT_CR5",1974,"c(""0-15"", ""15-30"")",91.2
"E4_124","E4","E4_23_RT_CR5",1985,"c(""0-15"", ""15-30"")",87.4
"E4_124","E4","E4_23_RT_CR5",1992,"c(""0-7.5"", ""7.5-15"", ""15-30"")",94.95
"E4_125","E4","E4_28_RT_CR12",1992,"c(""0-7.5"", ""7.5-15"", ""15-30"")",92.85
"E4_126","E4","E4_15_RT_CR9",1992,"c(""0-7.5"", ""7.5-15"", ""15-30"")",86.65
"E4_127","E4","E4_7_RT_CR12",1992,"c(""0-7.5"", ""7.5-15"", ""15-30"")",92.85
"E4_128","E4","E4_12_RT_CR3",1992,"c(""0-7.5"", ""7.5-15"", ""15-30"")",103.9
"E4_129","E4","E4_16_RT_CR9",1992,"c(""0-7.5"", ""7.5-15"", ""15-30"")",86.05
"E4_201","E4","E4_26_RT_CR5",1954,"c(""0-15"", ""15-30"")",94.8
"E4_201","E4","E4_26_RT_CR5",1967,"c(""0-15"", ""15-30"")",87.4
"E4_201","E4","E4_26_NT_CR5",1974,"c(""0-15"", ""15-30"")",87.5
"E4_201","E4","E4_26_RT_CR5",1985,"c(""0-15"", ""15-30"")",86.1
"E4_201","E4","E4_26_NT_CR5",1992,"c(""0-7.5"", ""7.5-15"", ""15-30"")",94.2
"E4_202","E4","E4_9_RT_CR2",1992,"c(""0-7.5"", ""7.5-15"", ""15-30"")",94.1
"E4_203","E4","E4_29_RT_CR10",1992,"c(""0-7.5"", ""7.5-15"", ""15-30"")",96.2
"E4_204","E4","E4_24_RT_CR5",1954,"c(""0-15"", ""15-30"")",95
"E4_204","E4","E4_24_RT_CR5",1967,"c(""0-15"", ""15-30"")",87
"E4_204","E4","E4_24_RT_CR5",1974,"c(""0-15"", ""15-30"")",88.9
"E4_204","E4","E4_24_RT_CR5",1985,"c(""0-15"", ""15-30"")",85.4
"E4_204","E4","E4_24_RT_CR5",1992,"c(""0-7.5"", ""7.5-15"", ""15-30"")",84.9
"E4_205","E4","E4_8_RT_CR2",1992,"c(""0-7.5"", ""7.5-15"", ""15-30"")",88.2
"E4_206","E4","E4_23_RT_CR5",1954,"c(""0-15"", ""15-30"")",98.1
"E4_206","E4","E4_23_RT_CR5",1967,"c(""0-15"", ""15-30"")",93
"E4_206","E4","E4_23_RT_CR5",1974,"c(""0-15"", ""15-30"")",85.4
"E4_206","E4","E4_23_RT_CR5",1985,"c(""0-15"", ""15-30"")",87.1
"E4_206","E4","E4_23_RT_CR5",1992,"c(""0-7.5"", ""7.5-15"", ""15-30"")",95.3
"E4_207","E4","E4_3_RT_CR2",1954,"c(""0-15"", ""15-30"")",97.1
"E4_207","E4","E4_3_RT_CR2",1967,"c(""0-15"", ""15-30"")",83.8
"E4_207","E4","E4_3_RT_CR2",1974,"c(""0-15"", ""15-30"")",75.5
"E4_207","E4","E4_3_RT_CR2",1985,"c(""0-15"", ""15-30"")",67
"E4_207","E4","E4_3_RT_CR2",1992,"c(""0-7.5"", ""7.5-15"", ""15-30"")",82.75
"E4_208","E4","E4_6_RT_CR3",1954,"c(""0-15"", ""15-30"")",95.8
"E4_208","E4","E4_6_RT_CR3",1967,"c(""0-15"", ""15-30"")",88.6
"E4_208","E4","E4_6_RT_CR3",1974,"c(""0-15"", ""15-30"")",82.8
"E4_208","E4","E4_6_RT_CR3",1985,"c(""0-15"", ""15-30"")",70.9
"E4_208","E4","E4_6_RT_CR3",1992,"c(""0-7.5"", ""7.5-15"", ""15-30"")",84.15
"E4_209","E4","E4_12_RT_CR3",1992,"c(""0-7.5"", ""7.5-15"", ""15-30"")",90.2
"E4_210","E4","E4_20_RT_CR3",1954,"c(""0-15"", ""15-30"")",100.3
"E4_210","E4","E4_20_RT_CR3",1967,"c(""0-15"", ""15-30"")",91.7
"E4_210","E4","E4_20_RT_CR3",1974,"c(""0-15"", ""15-30"")",87.6
"E4_210","E4","E4_20_RT_CR3",1985,"c(""0-15"", ""15-30"")",83.5
"E4_210","E4","E4_20_RT_CR3",1992,"c(""0-7.5"", ""7.5-15"", ""15-30"")",98.55
"E4_211","E4","E4_17_RT_CR9",1992,"c(""0-7.5"", ""7.5-15"", ""15-30"")",88.15
"E4_212","E4","E4_22_NT_CR5",1954,"c(""0-15"", ""15-30"")",91.7
"E4_212","E4","E4_22_RT_CR5",1967,"c(""0-15"", ""15-30"")",92.3
"E4_212","E4","E4_22_RT_CR5",1974,"c(""0-15"", ""15-30"")",92.5
"E4_212","E4","E4_22_RT_CR5",1985,"c(""0-15"", ""15-30"")",96.4
"E4_212","E4","E4_22_RT_CR5",1992,"c(""0-7.5"", ""7.5-15"", ""15-30"")",108.1
"E4_213","E4","E4_5_RT_CR3",1954,"c(""0-15"", ""15-30"")",96.2
"E4_213","E4","E4_5_RT_CR3",1967,"c(""0-15"", ""15-30"")",87.3
"E4_213","E4","E4_5_RT_CR3",1974,"c(""0-15"", ""15-30"")",84.5
"E4_213","E4","E4_5_RT_CR3",1985,"c(""0-15"", ""15-30"")",69.7
"E4_213","E4","E4_5_RT_CR3",1992,"c(""0-7.5"", ""7.5-15"", ""15-30"")",88.1
"E4_214","E4","E4_7_RT_CR12",1992,"c(""0-7.5"", ""7.5-15"", ""15-30"")",96.2
"E4_215","E4","E4_19_RT_CR3",1954,"c(""0-15"", ""15-30"")",101
"E4_215","E4","E4_19_RT_CR3",1967,"c(""0-15"", ""15-30"")",97.1
"E4_215","E4","E4_19_RT_CR3",1974,"c(""0-15"", ""15-30"")",85.2
"E4_215","E4","E4_19_RT_CR3",1985,"c(""0-15"", ""15-30"")",79.9
"E4_215","E4","E4_19_RT_CR3",1992,"c(""0-7.5"", ""7.5-15"", ""15-30"")",103.8
"E4_216","E4","E4_25_RT_CR5",1954,"c(""0-15"", ""15-30"")",103
"E4_216","E4","E4_25_RT_CR5",1967,"c(""0-15"", ""15-30"")",98.4
"E4_216","E4","E4_25_RT_CR5",1974,"c(""0-15"", ""15-30"")",81.2
"E4_216","E4","E4_25_RT_CR5",1985,"c(""0-15"", ""15-30"")",89.5
"E4_216","E4","E4_25_RT_CR5",1992,"c(""0-7.5"", ""7.5-15"", ""15-30"")",110.1
"E4_217","E4","E4_27_RT_CR12",1992,"c(""0-7.5"", ""7.5-15"", ""15-30"")",96.35
"E4_218","E4","E4_2_RT_CR2",1954,"c(""0-15"", ""15-30"")",93.2
"E4_218","E4","E4_2_RT_CR2",1967,"c(""0-15"", ""15-30"")",81.8
"E4_218","E4","E4_2_RT_CR2",1974,"c(""0-15"", ""15-30"")",67.7
"E4_218","E4","E4_2_RT_CR2",1985,"c(""0-15"", ""15-30"")",73
"E4_218","E4","E4_2_RT_CR2",1992,"c(""0-7.5"", ""7.5-15"", ""15-30"")",89.3
"E4_219","E4","E4_1_RT_CR12",1954,"c(""0-15"", ""15-30"")",95.6
"E4_219","E4","E4_1_RT_CR12",1967,"c(""0-15"", ""15-30"")",94.2
"E4_219","E4","E4_1_RT_CR12",1974,"c(""0-15"", ""15-30"")",83.7
"E4_219","E4","E4_1_RT_CR12",1985,"c(""0-15"", ""15-30"")",80.8
"E4_219","E4","E4_1_RT_CR12",1992,"c(""0-7.5"", ""7.5-15"", ""15-30"")",91.7
"E4_220","E4","E4_16_RT_CR9",1992,"c(""0-7.5"", ""7.5-15"", ""15-30"")",97.05
"E4_221","E4","E4_21_RT_CR5",1954,"c(""0-15"", ""15-30"")",100.5
"E4_221","E4","E4_21_NT_CR5",1967,"c(""0-15"", ""15-30"")",93.9
"E4_221","E4","E4_21_RT_CR5",1974,"c(""0-15"", ""15-30"")",87.8
"E4_221","E4","E4_21_NT_CR5",1985,"c(""0-15"", ""15-30"")",86.9
"E4_221","E4","E4_21_RT_CR5",1992,"c(""0-7.5"", ""7.5-15"", ""15-30"")",93.2
"E4_222","E4","E4_14_RT_CR8",1992,"c(""0-7.5"", ""7.5-15"", ""15-30"")",80.8
"E4_223","E4","E4_4_RT_CR3",1954,"c(""0-15"", ""15-30"")",95.4
"E4_223","E4","E4_4_RT_CR3",1967,"c(""0-15"", ""15-30"")",85
"E4_223","E4","E4_4_RT_CR3",1974,"c(""0-15"", ""15-30"")",82.4
"E4_223","E4","E4_4_RT_CR3",1985,"c(""0-15"", ""15-30"")",79.4
"E4_223","E4","E4_4_RT_CR3",1992,"c(""0-7.5"", ""7.5-15"", ""15-30"")",84.8
"E4_224","E4","E4_18_RT_CR3",1954,"c(""0-15"", ""15-30"")",88.2
"E4_224","E4","E4_18_RT_CR3",1967,"c(""0-15"", ""15-30"")",95.9
"E4_224","E4","E4_18_RT_CR3",1974,"c(""0-15"", ""15-30"")",83.6
"E4_224","E4","E4_18_RT_CR3",1985,"c(""0-15"", ""15-30"")",78.3
"E4_224","E4","E4_18_RT_CR3",1992,"c(""0-7.5"", ""7.5-15"", ""15-30"")",96.05
"E4_225","E4","E4_28_RT_CR12",1992,"c(""0-7.5"", ""7.5-15"", ""15-30"")",111.1
"E4_226","E4","E4_15_RT_CR9",1992,"c(""0-7.5"", ""7.5-15"", ""15-30"")",86.9
"E4_227","E4","E4_13_RT_CR8",1992,"c(""0-7.5"", ""7.5-15"", ""15-30"")",79.15
"E4_228","E4","E4_10_RT_CR3",1992,"c(""0-7.5"", ""7.5-15"", ""15-30"")",78.55
"E4_229","E4","E4_11_RT_CR3",1992,"c(""0-7.5"", ""7.5-15"", ""15-30"")",79.85
"E4_301","E4","E4_18_RT_CR3",1954,"c(""0-15"", ""15-30"")",102.6
"E4_301","E4","E4_18_RT_CR3",1967,"c(""0-15"", ""15-30"")",90.9
"E4_301","E4","E4_18_RT_CR3",1974,"c(""0-15"", ""15-30"")",89.7
"E4_301","E4","E4_18_RT_CR3",1985,"c(""0-15"", ""15-30"")",85.9
"E4_301","E4","E4_18_RT_CR3",1992,"c(""0-7.5"", ""7.5-15"", ""15-30"")",91.8
"E4_302","E4","E4_4_RT_CR3",1954,"c(""0-15"", ""15-30"")",96.2
"E4_302","E4","E4_4_RT_CR3",1967,"c(""0-15"", ""15-30"")",89.4
"E4_302","E4","E4_4_RT_CR3",1974,"c(""0-15"", ""15-30"")",84.9
"E4_302","E4","E4_4_RT_CR3",1985,"c(""0-15"", ""15-30"")",78.1
"E4_302","E4","E4_4_RT_CR3",1992,"c(""0-7.5"", ""7.5-15"", ""15-30"")",82.45
"E4_303","E4","E4_8_RT_CR2",1992,"c(""0-7.5"", ""7.5-15"", ""15-30"")",78.85
"E4_304","E4","E4_21_RT_CR5",1954,"c(""0-15"", ""15-30"")",92.5
"E4_304","E4","E4_21_NT_CR5",1967,"c(""0-15"", ""15-30"")",100.9
"E4_304","E4","E4_21_RT_CR5",1974,"c(""0-15"", ""15-30"")",89.9
"E4_304","E4","E4_21_NT_CR5",1985,"c(""0-15"", ""15-30"")",86.2
"E4_304","E4","E4_21_RT_CR5",1992,"c(""0-7.5"", ""7.5-15"", ""15-30"")",98.4
"E4_305","E4","E4_15_RT_CR9",1992,"c(""0-7.5"", ""7.5-15"", ""15-30"")",94.1
"E4_306","E4","E4_1_RT_CR12",1954,"c(""0-15"", ""15-30"")",98.1
"E4_306","E4","E4_1_RT_CR12",1967,"c(""0-15"", ""15-30"")",96.7
"E4_306","E4","E4_1_RT_CR12",1974,"c(""0-15"", ""15-30"")",92.9
"E4_306","E4","E4_1_RT_CR12",1985,"c(""0-15"", ""15-30"")",83.8
"E4_306","E4","E4_1_RT_CR12",1992,"c(""0-7.5"", ""7.5-15"", ""15-30"")",91
"E4_307","E4","E4_2_RT_CR2",1954,"c(""0-15"", ""15-30"")",88.9
"E4_307","E4","E4_2_RT_CR2",1967,"c(""0-15"", ""15-30"")",85
"E4_307","E4","E4_2_RT_CR2",1974,"c(""0-15"", ""15-30"")",80.9
"E4_307","E4","E4_2_RT_CR2",1985,"c(""0-15"", ""15-30"")",73.6
"E4_307","E4","E4_2_RT_CR2",1992,"c(""0-7.5"", ""7.5-15"", ""15-30"")",88.8
"E4_308","E4","E4_13_RT_CR8",1992,"c(""0-7.5"", ""7.5-15"", ""15-30"")",89.35
"E4_309","E4","E4_23_RT_CR5",1954,"c(""0-15"", ""15-30"")",110
"E4_309","E4","E4_23_RT_CR5",1967,"c(""0-15"", ""15-30"")",105.1
"E4_309","E4","E4_23_RT_CR5",1974,"c(""0-15"", ""15-30"")",98
"E4_309","E4","E4_23_RT_CR5",1985,"c(""0-15"", ""15-30"")",83.7
"E4_309","E4","E4_23_RT_CR5",1992,"c(""0-7.5"", ""7.5-15"", ""15-30"")",97.6
"E4_310","E4","E4_20_RT_CR3",1954,"c(""0-15"", ""15-30"")",100.5
"E4_310","E4","E4_20_RT_CR3",1967,"c(""0-15"", ""15-30"")",94.8
"E4_310","E4","E4_20_RT_CR3",1974,"c(""0-15"", ""15-30"")",102.9
"E4_310","E4","E4_20_RT_CR3",1985,"c(""0-15"", ""15-30"")",77.3
"E4_310","E4","E4_20_RT_CR3",1992,"c(""0-7.5"", ""7.5-15"", ""15-30"")",108.75
"E4_311","E4","E4_11_RT_CR3",1992,"c(""0-7.5"", ""7.5-15"", ""15-30"")",73.2
"E4_312","E4","E4_6_RT_CR3",1954,"c(""0-15"", ""15-30"")",98.3
"E4_312","E4","E4_6_RT_CR3",1967,"c(""0-15"", ""15-30"")",84.8
"E4_312","E4","E4_6_RT_CR3",1974,"c(""0-15"", ""15-30"")",86.4
"E4_312","E4","E4_6_RT_CR3",1985,"c(""0-15"", ""15-30"")",78.9
"E4_312","E4","E4_6_RT_CR3",1992,"c(""0-7.5"", ""7.5-15"", ""15-30"")",92.05
"E4_313","E4","E4_22_NT_CR5",1954,"c(""0-15"", ""15-30"")",101
"E4_313","E4","E4_22_RT_CR5",1967,"c(""0-15"", ""15-30"")",95
"E4_313","E4","E4_22_RT_CR5",1974,"c(""0-15"", ""15-30"")",94.4
"E4_313","E4","E4_22_RT_CR5",1985,"c(""0-15"", ""15-30"")",91.4
"E4_313","E4","E4_22_RT_CR5",1992,"c(""0-7.5"", ""7.5-15"", ""15-30"")",99
"E4_314","E4","E4_17_RT_CR9",1992,"c(""0-7.5"", ""7.5-15"", ""15-30"")",89.45
"E4_315","E4","E4_19_RT_CR3",1954,"c(""0-15"", ""15-30"")",99.5
"E4_315","E4","E4_19_RT_CR3",1967,"c(""0-15"", ""15-30"")",94.2
"E4_315","E4","E4_19_RT_CR3",1974,"c(""0-15"", ""15-30"")",92.4
"E4_315","E4","E4_19_RT_CR3",1985,"c(""0-15"", ""15-30"")",87.8
"E4_315","E4","E4_19_RT_CR3",1992,"c(""0-7.5"", ""7.5-15"", ""15-30"")",110.4
"E4_316","E4","E4_16_RT_CR9",1992,"c(""0-7.5"", ""7.5-15"", ""15-30"")",78.4
"E4_317","E4","E4_5_RT_CR3",1954,"c(""0-15"", ""15-30"")",91.9
"E4_317","E4","E4_5_RT_CR3",1967,"c(""0-15"", ""15-30"")",88.7
"E4_317","E4","E4_5_RT_CR3",1974,"c(""0-15"", ""15-30"")",80.6
"E4_317","E4","E4_5_RT_CR3",1985,"c(""0-15"", ""15-30"")",74.5
"E4_317","E4","E4_5_RT_CR3",1992,"c(""0-7.5"", ""7.5-15"", ""15-30"")",90.15
"E4_318","E4","E4_3_RT_CR2",1954,"c(""0-15"", ""15-30"")",93.8
"E4_318","E4","E4_3_RT_CR2",1967,"c(""0-15"", ""15-30"")",87.3
"E4_318","E4","E4_3_RT_CR2",1974,"c(""0-15"", ""15-30"")",77.5
"E4_318","E4","E4_3_RT_CR2",1985,"c(""0-15"", ""15-30"")",73.6
"E4_318","E4","E4_3_RT_CR2",1992,"c(""0-7.5"", ""7.5-15"", ""15-30"")",85.95
"E4_319","E4","E4_25_RT_CR5",1954,"c(""0-15"", ""15-30"")",91.5
"E4_319","E4","E4_25_RT_CR5",1967,"c(""0-15"", ""15-30"")",88
"E4_319","E4","E4_25_RT_CR5",1974,"c(""0-15"", ""15-30"")",83.6
"E4_319","E4","E4_25_RT_CR5",1985,"c(""0-15"", ""15-30"")",85.9
"E4_319","E4","E4_25_RT_CR5",1992,"c(""0-7.5"", ""7.5-15"", ""15-30"")",94.85
"E4_320","E4","E4_27_RT_CR12",1992,"c(""0-7.5"", ""7.5-15"", ""15-30"")",92.55
"E4_321","E4","E4_24_RT_CR5",1954,"c(""0-15"", ""15-30"")",96.1
"E4_321","E4","E4_24_RT_CR5",1967,"c(""0-15"", ""15-30"")",87.6
"E4_321","E4","E4_24_RT_CR5",1974,"c(""0-15"", ""15-30"")",89.6
"E4_321","E4","E4_24_RT_CR5",1985,"c(""0-15"", ""15-30"")",81.7
"E4_321","E4","E4_24_RT_CR5",1992,"c(""0-7.5"", ""7.5-15"", ""15-30"")",90.1
"E4_322","E4","E4_14_RT_CR8",1992,"c(""0-7.5"", ""7.5-15"", ""15-30"")",75.65
"E4_323","E4","E4_29_RT_CR10",1992,"c(""0-7.5"", ""7.5-15"", ""15-30"")",94.6
"E4_324","E4","E4_26_RT_CR5",1954,"c(""0-15"", ""15-30"")",83.5
"E4_324","E4","E4_26_RT_CR5",1967,"c(""0-15"", ""15-30"")",84.3
"E4_324","E4","E4_26_NT_CR5",1974,"c(""0-15"", ""15-30"")",83.4
"E4_324","E4","E4_26_RT_CR5",1985,"c(""0-15"", ""15-30"")",82.4
"E4_324","E4","E4_26_NT_CR5",1992,"c(""0-7.5"", ""7.5-15"", ""15-30"")",95.5
"E4_325","E4","E4_28_RT_CR12",1992,"c(""0-7.5"", ""7.5-15"", ""15-30"")",97.65
"E4_326","E4","E4_9_RT_CR2",1992,"c(""0-7.5"", ""7.5-15"", ""15-30"")",91.7
"E4_327","E4","E4_12_RT_CR3",1992,"c(""0-7.5"", ""7.5-15"", ""15-30"")",82.7
"E4_328","E4","E4_7_RT_CR12",1992,"c(""0-7.5"", ""7.5-15"", ""15-30"")",89.05
"E4_329","E4","E4_10_RT_CR3",1992,"c(""0-7.5"", ""7.5-15"", ""15-30"")",94.05
"E4_401","E4","E4_12_RT_CR3",1992,"c(""0-7.5"", ""7.5-15"", ""15-30"")",89.6
"E4_402","E4","E4_26_RT_CR5",1954,"c(""0-15"", ""15-30"")",92.3
"E4_402","E4","E4_26_RT_CR5",1967,"c(""0-15"", ""15-30"")",92.8
"E4_402","E4","E4_26_NT_CR5",1974,"c(""0-15"", ""15-30"")",92.6
"E4_402","E4","E4_26_RT_CR5",1985,"c(""0-15"", ""15-30"")",89.2
"E4_402","E4","E4_26_NT_CR5",1992,"c(""0-7.5"", ""7.5-15"", ""15-30"")",106.45
"E4_403","E4","E4_29_RT_CR10",1992,"c(""0-7.5"", ""7.5-15"", ""15-30"")",110.2
"E4_404","E4","E4_23_RT_CR5",1954,"c(""0-15"", ""15-30"")",91.1
"E4_404","E4","E4_23_RT_CR5",1967,"c(""0-15"", ""15-30"")",97.9
"E4_404","E4","E4_23_RT_CR5",1974,"c(""0-15"", ""15-30"")",94.3
"E4_404","E4","E4_23_RT_CR5",1985,"c(""0-15"", ""15-30"")",91.3
"E4_404","E4","E4_23_RT_CR5",1992,"c(""0-7.5"", ""7.5-15"", ""15-30"")",103.05
"E4_405","E4","E4_6_RT_CR3",1954,"c(""0-15"", ""15-30"")",90.5
"E4_405","E4","E4_6_RT_CR3",1967,"c(""0-15"", ""15-30"")",83.3
"E4_405","E4","E4_6_RT_CR3",1974,"c(""0-15"", ""15-30"")",79.9
"E4_405","E4","E4_6_RT_CR3",1985,"c(""0-15"", ""15-30"")",76.6
"E4_405","E4","E4_6_RT_CR3",1992,"c(""0-7.5"", ""7.5-15"", ""15-30"")",86.4
"E4_406","E4","E4_10_RT_CR3",1992,"c(""0-7.5"", ""7.5-15"", ""15-30"")",88.9
"E4_407","E4","E4_20_RT_CR3",1954,"c(""0-15"", ""15-30"")",88.9
"E4_407","E4","E4_20_RT_CR3",1967,"c(""0-15"", ""15-30"")",88.3
"E4_407","E4","E4_20_RT_CR3",1974,"c(""0-15"", ""15-30"")",84.2
"E4_407","E4","E4_20_RT_CR3",1985,"c(""0-15"", ""15-30"")",84.1
"E4_407","E4","E4_20_RT_CR3",1992,"c(""0-7.5"", ""7.5-15"", ""15-30"")",105.75
"E4_408","E4","E4_2_RT_CR2",1954,"c(""0-15"", ""15-30"")",84
"E4_408","E4","E4_2_RT_CR2",1967,"c(""0-15"", ""15-30"")",77
"E4_408","E4","E4_2_RT_CR2",1974,"c(""0-15"", ""15-30"")",80.5
"E4_408","E4","E4_2_RT_CR2",1985,"c(""0-15"", ""15-30"")",73.6
"E4_408","E4","E4_2_RT_CR2",1992,"c(""0-7.5"", ""7.5-15"", ""15-30"")",85.25
"E4_409","E4","E4_1_RT_CR12",1954,"c(""0-15"", ""15-30"")",92.5
"E4_409","E4","E4_1_RT_CR12",1967,"c(""0-15"", ""15-30"")",84.7
"E4_409","E4","E4_1_RT_CR12",1974,"c(""0-15"", ""15-30"")",85.1
"E4_409","E4","E4_1_RT_CR12",1985,"c(""0-15"", ""15-30"")",80.9
"E4_409","E4","E4_1_RT_CR12",1992,"c(""0-7.5"", ""7.5-15"", ""15-30"")",86.8
"E4_410","E4","E4_3_RT_CR2",1954,"c(""0-15"", ""15-30"")",93.1
"E4_410","E4","E4_3_RT_CR2",1967,"c(""0-15"", ""15-30"")",83.2
"E4_410","E4","E4_3_RT_CR2",1974,"c(""0-15"", ""15-30"")",78.8
"E4_410","E4","E4_3_RT_CR2",1985,"c(""0-15"", ""15-30"")",72.3
"E4_410","E4","E4_3_RT_CR2",1992,"c(""0-7.5"", ""7.5-15"", ""15-30"")",85.05
"E4_411","E4","E4_14_RT_CR8",1992,"c(""0-7.5"", ""7.5-15"", ""15-30"")",74.75
"E4_412","E4","E4_19_RT_CR3",1954,"c(""0-15"", ""15-30"")",87
"E4_412","E4","E4_19_RT_CR3",1967,"c(""0-15"", ""15-30"")",76.2
"E4_412","E4","E4_19_RT_CR3",1974,"c(""0-15"", ""15-30"")",82.6
"E4_412","E4","E4_19_RT_CR3",1985,"c(""0-15"", ""15-30"")",73.9
"E4_412","E4","E4_19_RT_CR3",1992,"c(""0-7.5"", ""7.5-15"", ""15-30"")",106
"E4_413","E4","E4_5_RT_CR3",1954,"c(""0-15"", ""15-30"")",84.7
"E4_413","E4","E4_5_RT_CR3",1967,"c(""0-15"", ""15-30"")",76.2
"E4_413","E4","E4_5_RT_CR3",1974,"c(""0-15"", ""15-30"")",79.8
"E4_413","E4","E4_5_RT_CR3",1985,"c(""0-15"", ""15-30"")",63.6
"E4_413","E4","E4_5_RT_CR3",1992,"c(""0-7.5"", ""7.5-15"", ""15-30"")",83.95
"E4_414","E4","E4_22_NT_CR5",1954,"c(""0-15"", ""15-30"")",91.5
"E4_414","E4","E4_22_RT_CR5",1967,"c(""0-15"", ""15-30"")",83.3
"E4_414","E4","E4_22_RT_CR5",1974,"c(""0-15"", ""15-30"")",86.1
"E4_414","E4","E4_22_RT_CR5",1985,"c(""0-15"", ""15-30"")",80.8
"E4_414","E4","E4_22_RT_CR5",1992,"c(""0-7.5"", ""7.5-15"", ""15-30"")",92.1
"E4_415","E4","E4_13_RT_CR8",1992,"c(""0-7.5"", ""7.5-15"", ""15-30"")",91.2
"E4_416","E4","E4_11_RT_CR3",1992,"c(""0-7.5"", ""7.5-15"", ""15-30"")",76.2
"E4_417","E4","E4_25_RT_CR5",1954,"c(""0-15"", ""15-30"")",76.5
"E4_417","E4","E4_25_RT_CR5",1967,"c(""0-15"", ""15-30"")",80.9
"E4_417","E4","E4_25_RT_CR5",1974,"c(""0-15"", ""15-30"")",76.9
"E4_417","E4","E4_25_RT_CR5",1985,"c(""0-15"", ""15-30"")",78
"E4_417","E4","E4_25_RT_CR5",1992,"c(""0-7.5"", ""7.5-15"", ""15-30"")",94.9
"E4_418","E4","E4_8_RT_CR2",1992,"c(""0-7.5"", ""7.5-15"", ""15-30"")",86
"E4_419","E4","E4_4_RT_CR3",1954,"c(""0-15"", ""15-30"")",84.7
"E4_419","E4","E4_4_RT_CR3",1967,"c(""0-15"", ""15-30"")",79.2
"E4_419","E4","E4_4_RT_CR3",1974,"c(""0-15"", ""15-30"")",71.3
"E4_419","E4","E4_4_RT_CR3",1985,"c(""0-15"", ""15-30"")",69.8
"E4_419","E4","E4_4_RT_CR3",1992,"c(""0-7.5"", ""7.5-15"", ""15-30"")",86.95
"E4_420","E4","E4_18_RT_CR3",1954,"c(""0-15"", ""15-30"")",86.9
"E4_420","E4","E4_18_RT_CR3",1967,"c(""0-15"", ""15-30"")",77
"E4_420","E4","E4_18_RT_CR3",1974,"c(""0-15"", ""15-30"")",80.3
"E4_420","E4","E4_18_RT_CR3",1985,"c(""0-15"", ""15-30"")",76.4
"E4_420","E4","E4_18_RT_CR3",1992,"c(""0-7.5"", ""7.5-15"", ""15-30"")",92.6
"E4_421","E4","E4_24_RT_CR5",1954,"c(""0-15"", ""15-30"")",90.1
"E4_421","E4","E4_24_RT_CR5",1967,"c(""0-15"", ""15-30"")",88
"E4_421","E4","E4_24_RT_CR5",1974,"c(""0-15"", ""15-30"")",85.9
"E4_421","E4","E4_24_RT_CR5",1985,"c(""0-15"", ""15-30"")",81.8
"E4_421","E4","E4_24_RT_CR5",1992,"c(""0-7.5"", ""7.5-15"", ""15-30"")",85.65
"E4_422","E4","E4_7_RT_CR12",1992,"c(""0-7.5"", ""7.5-15"", ""15-30"")",91.35
"E4_423","E4","E4_15_RT_CR9",1992,"c(""0-7.5"", ""7.5-15"", ""15-30"")",104.5
"E4_424","E4","E4_21_RT_CR5",1954,"c(""0-15"", ""15-30"")",95
"E4_424","E4","E4_21_NT_CR5",1967,"c(""0-15"", ""15-30"")",91.9
"E4_424","E4","E4_21_RT_CR5",1974,"c(""0-15"", ""15-30"")",93.7
"E4_424","E4","E4_21_NT_CR5",1985,"c(""0-15"", ""15-30"")",83.1
"E4_424","E4","E4_21_RT_CR5",1992,"c(""0-7.5"", ""7.5-15"", ""15-30"")",94.1
"E4_425","E4","E4_28_RT_CR12",1992,"c(""0-7.5"", ""7.5-15"", ""15-30"")",107.5
"E4_426","E4","E4_17_RT_CR9",1992,"c(""0-7.5"", ""7.5-15"", ""15-30"")",85.35
"E4_427","E4","E4_9_RT_CR2",1992,"c(""0-7.5"", ""7.5-15"", ""15-30"")",87.55
"E4_428","E4","E4_16_RT_CR9",1992,"c(""0-7.5"", ""7.5-15"", ""15-30"")",86
"E4_429","E4","E4_27_RT_CR12",1992,"c(""0-7.5"", ""7.5-15"", ""15-30"")",82.95
"E50_CT_CR25","E50","E50_CT_CR25",2001,"0-15",78
"E50_CT_CR26","E50","E50_CT_CR26",2001,"0-15",78
"E50_CT_CR27","E50","E50_CT_CR27",2001,"0-15",78
"E50_NT_CR25","E50","E50_NT_CR25",2001,"0-15",81.4
"E50_NT_CR26","E50","E50_NT_CR26",2001,"0-15",81.4
"E50_NT_CR27","E50","E50_NT_CR27",2001,"0-15",81.4
"E51_CT","E51","E51_CT_CR28",2005,"0-30",63.9
"E51_NT","E51","E51_NT_CR28",2005,"0-30",78.5
"E52_CT_CR28","E52","E52_CT_CR28",2005,"0-30",76
"E52_CT_CR29","E52","E52_CT_CR29",2005,"0-30",76
"E52_CT_CR30","E52","E52_CT_CR30",2005,"0-30",76
"E52_CT_CR31","E52","E52_CT_CR31",2005,"0-30",76
"E52_CT_CR5","E52","E52_CT_CR5",2005,"0-30",76
"E52_NT_CR28","E52","E52_NT_CR28",2005,"0-30",89.4
"E52_NT_CR29","E52","E52_NT_CR29",2005,"0-30",89.4
"E52_NT_CR30","E52","E52_NT_CR30",2005,"0-30",89.4
"E52_NT_CR31","E52","E52_NT_CR31",2005,"0-30",89.4
"E52_NT_CR5","E52","E52_NT_CR5",2005,"0-30",89.4
"E53_CT_CR1","E53","E53_CT_CR1",2004,"0-15",45.6
"E53_CT_CR2","E53","E53_CT_CR2",2004,"0-15",45.6
"E53_NT_CR1","E53","E53_NT_CR1",2004,"0-15",48
"E53_NT_CR2","E53","E53_NT_CR2",2004,"0-15",48
"E54_CT_CR32","E54","E54_CT_CR32",2004,"0-15",50.75
"E54_CT_CR33","E54","E54_CT_CR33",2004,"0-15",50.75
"E54_CT_CR34","E54","E54_CT_CR34",2004,"0-15",50.75
"E54_NT_CR32","E54","E54_NT_CR32",2004,"0-15",56.65
"E54_NT_CR33","E54","E54_NT_CR33",2004,"0-15",56.65
"E54_NT_CR34","E54","E54_NT_CR34",2004,"0-15",56.65
"E55_CT","E55","E55_CT_CR3",2005,"0-15",131.65
"E55_NT","E55","E55_NT_CR3",2005,"0-15",132.15
"E56_CT","E56","E56_CT_CR1",2001,"0-15",99.5
"E56_NT","E56","E56_NT_CR1",2001,"0-15",106.1
"E57_CT","E57","E57_CT_CR3",2005,"0-15",84.75
"E57_NT","E57","E57_NT_CR3",2005,"0-15",88.05
"E58_CT_CR35","E58","E58_CT_CR35",2014,"0-30",78.5
"E58_CT_CR5","E58","E58_CT_CR5",2014,"0-30",78.5
"E58_NT_CR35","E58","E58_NT_CR35",2014,"0-30",76.2
"E58_NT_CR5","E58","E58_NT_CR5",2014,"0-30",76.2
"E59_CT","E59","E59_CT_CR8",2004,"0-30",68.7
"E59_NT","E59","E59_NT_CR8",2004,"0-30",68.9
"E5_Field 1.1_RT_N0P0_CR1","E5","E5_N0P0_RT_CR1",1922,"c(""0-15"", ""15-30"")",66.73425
"E5_Field 1.1_RT_N0P0_CR1","E5","E5_N0P0_RT_CR1",1940,"c(""0-15"", ""15-30"")",66.67416
"E5_Field 1.1_RT_N0P0_CR1","E5","E5_N0P0_RT_CR1",1953,"c(""0-15"", ""15-30"")",64.3890775
"E5_Field 1.1_RT_N0P0_CR1","E5","E5_N0P0_RT_CR1",1967,"c(""0-15"", ""15-30"")",57.639675
"E5_Field 1.1_RT_N0P0_CR1","E5","E5_N0P0_RT_CR1",1973,"c(""0-15"", ""15-30"")",51.13479625
"E5_Field 1.1_RT_N0P0_CR1","E5","E5_N0P0_RT_CR1",1995,"0-15",95.4017149211111
"E5_Field 1.1_RT_N0P0_CR1","E5","E5_N0P0_RT_CR1",2003,"0-15",94.5459031211111
"E5_Field 1.1_RT_N0P0_CR1","E5","E5_N0P0_RT_CR1",2011,"0-15",95.4441629011111
"E5_Field 1.1_RT_N0P20_CR1","E5","E5_N0P20_RT_CR1",1922,"c(""0-15"", ""15-30"")",66.73425
"E5_Field 1.1_RT_N0P20_CR1","E5","E5_N0P20_RT_CR1",1940,"c(""0-15"", ""15-30"")",66.67416
"E5_Field 1.1_RT_N0P20_CR1","E5","E5_N0P20_RT_CR1",1953,"c(""0-15"", ""15-30"")",64.3890775
"E5_Field 1.1_RT_N0P20_CR1","E5","E5_N0P20_RT_CR1",1967,"0-15",65.0052561111111
"E5_Field 1.1_RT_N0P20_CR1","E5","E5_N0P20_RT_CR1",1973,"c(""0-15"", ""15-30"")",50.9505
"E5_Field 1.1_RT_N0P20_CR1","E5","E5_N0P20_RT_CR1",1995,"0-15",96.0160913011111
"E5_Field 1.1_RT_N0P20_CR1","E5","E5_N0P20_RT_CR1",2003,"0-15",93.6241508911111
"E5_Field 1.1_RT_N0P20_CR1","E5","E5_N0P20_RT_CR1",2011,"0-15",95.2051744811111
"E5_Field 1.1_RT_N45P0_CR1","E5","E5_N45P0_RT_CR1",1922,"c(""0-15"", ""15-30"")",66.73425
"E5_Field 1.1_RT_N45P0_CR1","E5","E5_N45P0_RT_CR1",1940,"c(""0-15"", ""15-30"")",66.67416
"E5_Field 1.1_RT_N45P0_CR1","E5","E5_N45P0_RT_CR1",1953,"c(""0-15"", ""15-30"")",64.3890775
"E5_Field 1.1_RT_N45P0_CR1","E5","E5_N45P0_RT_CR1",1967,"c(""0-15"", ""15-30"")",57.36823
"E5_Field 1.1_RT_N45P0_CR1","E5","E5_N45P0_RT_CR1",1973,"c(""0-15"", ""15-30"")",51.953
"E5_Field 1.1_RT_N45P0_CR1","E5","E5_N45P0_RT_CR1",1995,"0-15",96.7660648511111
"E5_Field 1.1_RT_N45P0_CR1","E5","E5_N45P0_RT_CR1",2003,"0-15",96.8615248811111
"E5_Field 1.1_RT_N45P0_CR1","E5","E5_N45P0_RT_CR1",2011,"0-15",98.0717617811111
"E5_Field 1.1_RT_N45P20_CR1","E5","E5_N45P20_RT_CR1",1922,"c(""0-15"", ""15-30"")",66.73425
"E5_Field 1.1_RT_N45P20_CR1","E5","E5_N45P20_RT_CR1",1940,"c(""0-15"", ""15-30"")",66.67416
"E5_Field 1.1_RT_N45P20_CR1","E5","E5_N45P20_RT_CR1",1953,"c(""0-15"", ""15-30"")",64.3890775
"E5_Field 1.1_RT_N45P20_CR1","E5","E5_N45P20_RT_CR1",1967,"0-15",65.0052561111111
"E5_Field 1.1_RT_N45P20_CR1","E5","E5_N45P20_RT_CR1",1973,"c(""0-15"", ""15-30"")",50.0355
"E5_Field 1.1_RT_N45P20_CR1","E5","E5_N45P20_RT_CR1",1995,"0-15",99.6972476911111
"E5_Field 1.1_RT_N45P20_CR1","E5","E5_N45P20_RT_CR1",2003,"0-15",98.2925882911111
"E5_Field 1.1_RT_N45P20_CR1","E5","E5_N45P20_RT_CR1",2011,"0-15",98.8237418511111
"E5_Field 1.2_RT_N0P0_CR2","E5","E5_N0P0_RT_CR2",1922,"c(""0-15"", ""15-30"")",55.90657
"E5_Field 1.2_RT_N0P0_CR2","E5","E5_N0P0_RT_CR2",1940,"c(""0-15"", ""15-30"")",57.14207
"E5_Field 1.2_RT_N0P0_CR2","E5","E5_N0P0_RT_CR2",1953,"c(""0-15"", ""15-30"")",54.33086036
"E5_Field 1.2_RT_N0P0_CR2","E5","E5_N0P0_RT_CR2",1967,"c(""0-15"", ""15-30"")",55.4107125
"E5_Field 1.2_RT_N0P0_CR2","E5","E5_N0P0_RT_CR2",1973,"c(""0-15"", ""15-30"")",47.84503125
"E5_Field 1.2_RT_N0P0_CR2","E5","E5_N0P0_RT_CR2",1995,"0-15",92.7353606811111
"E5_Field 1.2_RT_N0P0_CR2","E5","E5_N0P0_RT_CR2",2003,"0-15",92.0988911611111
"E5_Field 1.2_RT_N0P0_CR2","E5","E5_N0P0_RT_CR2",2011,"0-15",90.5045393211111
"E5_Field 1.2_RT_N0P20_CR2","E5","E5_N0P20_RT_CR2",1922,"c(""0-15"", ""15-30"")",55.90657
"E5_Field 1.2_RT_N0P20_CR2","E5","E5_N0P20_RT_CR2",1940,"c(""0-15"", ""15-30"")",57.14207
"E5_Field 1.2_RT_N0P20_CR2","E5","E5_N0P20_RT_CR2",1953,"c(""0-15"", ""15-30"")",54.33086036
"E5_Field 1.2_RT_N0P20_CR2","E5","E5_N0P20_RT_CR2",1967,"0-15",65.0052561111111
"E5_Field 1.2_RT_N0P20_CR2","E5","E5_N0P20_RT_CR2",1973,"c(""0-15"", ""15-30"")",47.86395
"E5_Field 1.2_RT_N0P20_CR2","E5","E5_N0P20_RT_CR2",1995,"0-15",92.3247910511111
"E5_Field 1.2_RT_N0P20_CR2","E5","E5_N0P20_RT_CR2",2003,"0-15",90.9746045911111
"E5_Field 1.2_RT_N0P20_CR2","E5","E5_N0P20_RT_CR2",2011,"0-15",90.0909462111111
"E5_Field 1.2_RT_N45P0_CR2","E5","E5_N45P0_RT_CR2",1922,"c(""0-15"", ""15-30"")",55.90657
"E5_Field 1.2_RT_N45P0_CR2","E5","E5_N45P0_RT_CR2",1940,"c(""0-15"", ""15-30"")",57.14207
"E5_Field 1.2_RT_N45P0_CR2","E5","E5_N45P0_RT_CR2",1953,"c(""0-15"", ""15-30"")",54.33086036
"E5_Field 1.2_RT_N45P0_CR2","E5","E5_N45P0_RT_CR2",1967,"c(""0-15"", ""15-30"")",52.280988
"E5_Field 1.2_RT_N45P0_CR2","E5","E5_N45P0_RT_CR2",1973,"c(""0-15"", ""15-30"")",48.226875
"E5_Field 1.2_RT_N45P0_CR2","E5","E5_N45P0_RT_CR2",1995,"0-15",92.6683297311111
"E5_Field 1.2_RT_N45P0_CR2","E5","E5_N45P0_RT_CR2",2003,"0-15",92.5935767011111
"E5_Field 1.2_RT_N45P0_CR2","E5","E5_N45P0_RT_CR2",2011,"0-15",92.0417964011111
"E5_Field 1.2_RT_N45P20_CR2","E5","E5_N45P20_RT_CR2",1922,"c(""0-15"", ""15-30"")",55.90657
"E5_Field 1.2_RT_N45P20_CR2","E5","E5_N45P20_RT_CR2",1940,"c(""0-15"", ""15-30"")",57.14207
"E5_Field 1.2_RT_N45P20_CR2","E5","E5_N45P20_RT_CR2",1953,"c(""0-15"", ""15-30"")",54.33086036
"E5_Field 1.2_RT_N45P20_CR2","E5","E5_N45P20_RT_CR2",1967,"0-15",65.0052561111111
"E5_Field 1.2_RT_N45P20_CR2","E5","E5_N45P20_RT_CR2",1973,"c(""0-15"", ""15-30"")",46.494375
"E5_Field 1.2_RT_N45P20_CR2","E5","E5_N45P20_RT_CR2",1995,"0-15",92.9727934311111
"E5_Field 1.2_RT_N45P20_CR2","E5","E5_N45P20_RT_CR2",2003,"0-15",93.1337051111111
"E5_Field 1.2_RT_N45P20_CR2","E5","E5_N45P20_RT_CR2",2011,"0-15",91.5118541311111
"E5_Field 1.3_RT_N0P0_CR3","E5","E5_N0P0_RT_CR3",1922,"c(""0-15"", ""15-30"")",47.10005
"E5_Field 1.3_RT_N0P0_CR4","E5","E5_N0P0_RT_CR4",1940,"c(""0-15"", ""15-30"")",46.095085
"E5_Field 1.3_RT_N0P0_CR4","E5","E5_N0P0_RT_CR4",1953,"c(""0-15"", ""15-30"")",44.3680925
"E5_Field 1.3_RT_N0P0_CR4","E5","E5_N0P0_RT_CR4",1967,"c(""0-15"", ""15-30"")",55.639785
"E5_Field 1.3_RT_N0P0_CR4","E5","E5_N0P0_RT_CR4",1973,"c(""0-15"", ""15-30"")",48.416336
"E5_Field 1.3_RT_N0P0_CR4","E5","E5_N0P0_RT_CR4",1995,"0-15",92.0616414711111
"E5_Field 1.3_RT_N0P0_CR4","E5","E5_N0P0_RT_CR4",2003,"0-15",90.7103924111111
"E5_Field 1.3_RT_N0P0_CR4","E5","E5_N0P0_RT_CR4",2011,"0-15",90.2708098211111
"E5_Field 1.3_RT_N0P20_CR3","E5","E5_N0P20_RT_CR3",1922,"c(""0-15"", ""15-30"")",47.10005
"E5_Field 1.3_RT_N0P20_CR4","E5","E5_N0P20_RT_CR4",1940,"c(""0-15"", ""15-30"")",46.095085
"E5_Field 1.3_RT_N0P20_CR4","E5","E5_N0P20_RT_CR4",1953,"c(""0-15"", ""15-30"")",44.3680925
"E5_Field 1.3_RT_N0P20_CR4","E5","E5_N0P20_RT_CR4",1967,"0-15",65.0052561111111
"E5_Field 1.3_RT_N0P20_CR4","E5","E5_N0P20_RT_CR4",1973,"c(""0-15"", ""15-30"")",47.89840476
"E5_Field 1.3_RT_N0P20_CR4","E5","E5_N0P20_RT_CR4",1995,"0-15",91.2683646811111
"E5_Field 1.3_RT_N0P20_CR4","E5","E5_N0P20_RT_CR4",2003,"0-15",90.2442496011111
"E5_Field 1.3_RT_N0P20_CR4","E5","E5_N0P20_RT_CR4",2011,"0-15",90.2433653811111
"E5_Field 1.3_RT_N45P0_CR3","E5","E5_N45P0_RT_CR3",1922,"c(""0-15"", ""15-30"")",47.10005
"E5_Field 1.3_RT_N45P0_CR4","E5","E5_N45P0_RT_CR4",1940,"c(""0-15"", ""15-30"")",46.095085
"E5_Field 1.3_RT_N45P0_CR4","E5","E5_N45P0_RT_CR4",1953,"c(""0-15"", ""15-30"")",44.3680925
"E5_Field 1.3_RT_N45P0_CR4","E5","E5_N45P0_RT_CR4",1967,"c(""0-15"", ""15-30"")",52.84278636
"E5_Field 1.3_RT_N45P0_CR4","E5","E5_N45P0_RT_CR4",1973,"c(""0-15"", ""15-30"")",48.95839286
"E5_Field 1.3_RT_N45P0_CR4","E5","E5_N45P0_RT_CR4",1995,"0-15",94.3933205111111
"E5_Field 1.3_RT_N45P0_CR4","E5","E5_N45P0_RT_CR4",2003,"0-15",93.0140505111111
"E5_Field 1.3_RT_N45P0_CR4","E5","E5_N45P0_RT_CR4",2011,"0-15",93.2195673311111
"E5_Field 1.3_RT_N45P20_CR3","E5","E5_N45P20_RT_CR3",1922,"c(""0-15"", ""15-30"")",47.10005
"E5_Field 1.3_RT_N45P20_CR4","E5","E5_N45P20_RT_CR4",1940,"c(""0-15"", ""15-30"")",46.095085
"E5_Field 1.3_RT_N45P20_CR4","E5","E5_N45P20_RT_CR4",1953,"c(""0-15"", ""15-30"")",44.3680925
"E5_Field 1.3_RT_N45P20_CR4","E5","E5_N45P20_RT_CR4",1967,"0-15",65.0052561111111
"E5_Field 1.3_RT_N45P20_CR4","E5","E5_N45P20_RT_CR4",1973,"c(""0-15"", ""15-30"")",46.45232143
"E5_Field 1.3_RT_N45P20_CR4","E5","E5_N45P20_RT_CR4",1995,"0-15",94.2689674911111
"E5_Field 1.3_RT_N45P20_CR4","E5","E5_N45P20_RT_CR4",2003,"0-15",93.9735828111111
"E5_Field 1.3_RT_N45P20_CR4","E5","E5_N45P20_RT_CR4",2011,"0-15",93.0285361811111
"E5_Field 2.2_RT_N0P0_CR2","E5","E5_N0P0_RT_CR2",1922,"c(""0-15"", ""15-30"")",55.90657
"E5_Field 2.2_RT_N0P0_CR2","E5","E5_N0P0_RT_CR2",1940,"c(""0-15"", ""15-30"")",57.14207
"E5_Field 2.2_RT_N0P0_CR2","E5","E5_N0P0_RT_CR2",1953,"c(""0-15"", ""15-30"")",54.33086036
"E5_Field 2.2_RT_N0P0_CR2","E5","E5_N0P0_RT_CR2",1967,"c(""0-15"", ""15-30"")",55.4107125
"E5_Field 2.2_RT_N0P0_CR2","E5","E5_N0P0_RT_CR2",1973,"c(""0-15"", ""15-30"")",47.84503125
"E5_Field 2.2_RT_N0P0_CR2","E5","E5_N0P0_RT_CR2",1995,"0-15",92.7353606811111
"E5_Field 2.2_RT_N0P0_CR2","E5","E5_N0P0_RT_CR2",2003,"0-15",92.0988911611111
"E5_Field 2.2_RT_N0P0_CR2","E5","E5_N0P0_RT_CR2",2011,"0-15",90.5045393211111
"E5_Field 2.2_RT_N0P20_CR2","E5","E5_N0P20_RT_CR2",1922,"c(""0-15"", ""15-30"")",55.90657
"E5_Field 2.2_RT_N0P20_CR2","E5","E5_N0P20_RT_CR2",1940,"c(""0-15"", ""15-30"")",57.14207
"E5_Field 2.2_RT_N0P20_CR2","E5","E5_N0P20_RT_CR2",1953,"c(""0-15"", ""15-30"")",54.33086036
"E5_Field 2.2_RT_N0P20_CR2","E5","E5_N0P20_RT_CR2",1967,"0-15",65.0052561111111
"E5_Field 2.2_RT_N0P20_CR2","E5","E5_N0P20_RT_CR2",1973,"c(""0-15"", ""15-30"")",47.86395
"E5_Field 2.2_RT_N0P20_CR2","E5","E5_N0P20_RT_CR2",1995,"0-15",92.3247910511111
"E5_Field 2.2_RT_N0P20_CR2","E5","E5_N0P20_RT_CR2",2003,"0-15",90.9746045911111
"E5_Field 2.2_RT_N0P20_CR2","E5","E5_N0P20_RT_CR2",2011,"0-15",90.0909462111111
"E5_Field 2.2_RT_N45P0_CR2","E5","E5_N45P0_RT_CR2",1922,"c(""0-15"", ""15-30"")",55.90657
"E5_Field 2.2_RT_N45P0_CR2","E5","E5_N45P0_RT_CR2",1940,"c(""0-15"", ""15-30"")",57.14207
"E5_Field 2.2_RT_N45P0_CR2","E5","E5_N45P0_RT_CR2",1953,"c(""0-15"", ""15-30"")",54.33086036
"E5_Field 2.2_RT_N45P0_CR2","E5","E5_N45P0_RT_CR2",1967,"c(""0-15"", ""15-30"")",52.280988
"E5_Field 2.2_RT_N45P0_CR2","E5","E5_N45P0_RT_CR2",1973,"c(""0-15"", ""15-30"")",48.226875
"E5_Field 2.2_RT_N45P0_CR2","E5","E5_N45P0_RT_CR2",1995,"0-15",92.6683297311111
"E5_Field 2.2_RT_N45P0_CR2","E5","E5_N45P0_RT_CR2",2003,"0-15",92.5935767011111
"E5_Field 2.2_RT_N45P0_CR2","E5","E5_N45P0_RT_CR2",2011,"0-15",92.0417964011111
"E5_Field 2.2_RT_N45P20_CR2","E5","E5_N45P20_RT_CR2",1922,"c(""0-15"", ""15-30"")",55.90657
"E5_Field 2.2_RT_N45P20_CR2","E5","E5_N45P20_RT_CR2",1940,"c(""0-15"", ""15-30"")",57.14207
"E5_Field 2.2_RT_N45P20_CR2","E5","E5_N45P20_RT_CR2",1953,"c(""0-15"", ""15-30"")",54.33086036
"E5_Field 2.2_RT_N45P20_CR2","E5","E5_N45P20_RT_CR2",1967,"0-15",65.0052561111111
"E5_Field 2.2_RT_N45P20_CR2","E5","E5_N45P20_RT_CR2",1973,"c(""0-15"", ""15-30"")",46.494375
"E5_Field 2.2_RT_N45P20_CR2","E5","E5_N45P20_RT_CR2",1995,"0-15",92.9727934311111
"E5_Field 2.2_RT_N45P20_CR2","E5","E5_N45P20_RT_CR2",2003,"0-15",93.1337051111111
"E5_Field 2.2_RT_N45P20_CR2","E5","E5_N45P20_RT_CR2",2011,"0-15",91.5118541311111
"E5_Field 2.3_RT_N0P0_CR3","E5","E5_N0P0_RT_CR3",1922,"c(""0-15"", ""15-30"")",47.10005
"E5_Field 2.3_RT_N0P0_CR4","E5","E5_N0P0_RT_CR4",1940,"c(""0-15"", ""15-30"")",46.095085
"E5_Field 2.3_RT_N0P0_CR4","E5","E5_N0P0_RT_CR4",1953,"c(""0-15"", ""15-30"")",44.3680925
"E5_Field 2.3_RT_N0P0_CR4","E5","E5_N0P0_RT_CR4",1967,"c(""0-15"", ""15-30"")",55.639785
"E5_Field 2.3_RT_N0P0_CR4","E5","E5_N0P0_RT_CR4",1973,"c(""0-15"", ""15-30"")",48.416336
"E5_Field 2.3_RT_N0P0_CR4","E5","E5_N0P0_RT_CR4",1995,"0-15",92.0616414711111
"E5_Field 2.3_RT_N0P0_CR4","E5","E5_N0P0_RT_CR4",2003,"0-15",90.7103924111111
"E5_Field 2.3_RT_N0P0_CR4","E5","E5_N0P0_RT_CR4",2011,"0-15",90.2708098211111
"E5_Field 2.3_RT_N0P20_CR3","E5","E5_N0P20_RT_CR3",1922,"c(""0-15"", ""15-30"")",47.10005
"E5_Field 2.3_RT_N0P20_CR4","E5","E5_N0P20_RT_CR4",1940,"c(""0-15"", ""15-30"")",46.095085
"E5_Field 2.3_RT_N0P20_CR4","E5","E5_N0P20_RT_CR4",1953,"c(""0-15"", ""15-30"")",44.3680925
"E5_Field 2.3_RT_N0P20_CR4","E5","E5_N0P20_RT_CR4",1967,"0-15",65.0052561111111
"E5_Field 2.3_RT_N0P20_CR4","E5","E5_N0P20_RT_CR4",1973,"c(""0-15"", ""15-30"")",47.89840476
"E5_Field 2.3_RT_N0P20_CR4","E5","E5_N0P20_RT_CR4",1995,"0-15",91.2683646811111
"E5_Field 2.3_RT_N0P20_CR4","E5","E5_N0P20_RT_CR4",2003,"0-15",90.2442496011111
"E5_Field 2.3_RT_N0P20_CR4","E5","E5_N0P20_RT_CR4",2011,"0-15",90.2433653811111
"E5_Field 2.3_RT_N45P0_CR3","E5","E5_N45P0_RT_CR3",1922,"c(""0-15"", ""15-30"")",47.10005
"E5_Field 2.3_RT_N45P0_CR4","E5","E5_N45P0_RT_CR4",1940,"c(""0-15"", ""15-30"")",46.095085
"E5_Field 2.3_RT_N45P0_CR4","E5","E5_N45P0_RT_CR4",1953,"c(""0-15"", ""15-30"")",44.3680925
"E5_Field 2.3_RT_N45P0_CR4","E5","E5_N45P0_RT_CR4",1967,"c(""0-15"", ""15-30"")",52.84278636
"E5_Field 2.3_RT_N45P0_CR4","E5","E5_N45P0_RT_CR4",1973,"c(""0-15"", ""15-30"")",48.95839286
"E5_Field 2.3_RT_N45P0_CR4","E5","E5_N45P0_RT_CR4",1995,"0-15",94.3933205111111
"E5_Field 2.3_RT_N45P0_CR4","E5","E5_N45P0_RT_CR4",2003,"0-15",93.0140505111111
"E5_Field 2.3_RT_N45P0_CR4","E5","E5_N45P0_RT_CR4",2011,"0-15",93.2195673311111
"E5_Field 2.3_RT_N45P20_CR3","E5","E5_N45P20_RT_CR3",1922,"c(""0-15"", ""15-30"")",47.10005
"E5_Field 2.3_RT_N45P20_CR4","E5","E5_N45P20_RT_CR4",1940,"c(""0-15"", ""15-30"")",46.095085
"E5_Field 2.3_RT_N45P20_CR4","E5","E5_N45P20_RT_CR4",1953,"c(""0-15"", ""15-30"")",44.3680925
"E5_Field 2.3_RT_N45P20_CR4","E5","E5_N45P20_RT_CR4",1967,"0-15",65.0052561111111
"E5_Field 2.3_RT_N45P20_CR4","E5","E5_N45P20_RT_CR4",1973,"c(""0-15"", ""15-30"")",46.45232143
"E5_Field 2.3_RT_N45P20_CR4","E5","E5_N45P20_RT_CR4",1995,"0-15",94.2689674911111
"E5_Field 2.3_RT_N45P20_CR4","E5","E5_N45P20_RT_CR4",2003,"0-15",93.9735828111111
"E5_Field 2.3_RT_N45P20_CR4","E5","E5_N45P20_RT_CR4",2011,"0-15",93.0285361811111
"E5_Field 3.3_RT_N0P0_CR3","E5","E5_N0P0_RT_CR3",1922,"c(""0-15"", ""15-30"")",47.10005
"E5_Field 3.3_RT_N0P0_CR4","E5","E5_N0P0_RT_CR4",1940,"c(""0-15"", ""15-30"")",46.095085
"E5_Field 3.3_RT_N0P0_CR4","E5","E5_N0P0_RT_CR4",1953,"c(""0-15"", ""15-30"")",44.3680925
"E5_Field 3.3_RT_N0P0_CR4","E5","E5_N0P0_RT_CR4",1967,"c(""0-15"", ""15-30"")",55.639785
"E5_Field 3.3_RT_N0P0_CR4","E5","E5_N0P0_RT_CR4",1973,"c(""0-15"", ""15-30"")",48.416336
"E5_Field 3.3_RT_N0P0_CR4","E5","E5_N0P0_RT_CR4",1995,"0-15",92.0616414711111
"E5_Field 3.3_RT_N0P0_CR4","E5","E5_N0P0_RT_CR4",2003,"0-15",90.7103924111111
"E5_Field 3.3_RT_N0P0_CR4","E5","E5_N0P0_RT_CR4",2011,"0-15",90.2708098211111
"E5_Field 3.3_RT_N0P20_CR3","E5","E5_N0P20_RT_CR3",1922,"c(""0-15"", ""15-30"")",47.10005
"E5_Field 3.3_RT_N0P20_CR4","E5","E5_N0P20_RT_CR4",1940,"c(""0-15"", ""15-30"")",46.095085
"E5_Field 3.3_RT_N0P20_CR4","E5","E5_N0P20_RT_CR4",1953,"c(""0-15"", ""15-30"")",44.3680925
"E5_Field 3.3_RT_N0P20_CR4","E5","E5_N0P20_RT_CR4",1967,"0-15",65.0052561111111
"E5_Field 3.3_RT_N0P20_CR4","E5","E5_N0P20_RT_CR4",1973,"c(""0-15"", ""15-30"")",47.89840476
"E5_Field 3.3_RT_N0P20_CR4","E5","E5_N0P20_RT_CR4",1995,"0-15",91.2683646811111
"E5_Field 3.3_RT_N0P20_CR4","E5","E5_N0P20_RT_CR4",2003,"0-15",90.2442496011111
"E5_Field 3.3_RT_N0P20_CR4","E5","E5_N0P20_RT_CR4",2011,"0-15",90.2433653811111
"E5_Field 3.3_RT_N45P0_CR3","E5","E5_N45P0_RT_CR3",1922,"c(""0-15"", ""15-30"")",47.10005
"E5_Field 3.3_RT_N45P0_CR4","E5","E5_N45P0_RT_CR4",1940,"c(""0-15"", ""15-30"")",46.095085
"E5_Field 3.3_RT_N45P0_CR4","E5","E5_N45P0_RT_CR4",1953,"c(""0-15"", ""15-30"")",44.3680925
"E5_Field 3.3_RT_N45P0_CR4","E5","E5_N45P0_RT_CR4",1967,"c(""0-15"", ""15-30"")",52.84278636
"E5_Field 3.3_RT_N45P0_CR4","E5","E5_N45P0_RT_CR4",1973,"c(""0-15"", ""15-30"")",48.95839286
"E5_Field 3.3_RT_N45P0_CR4","E5","E5_N45P0_RT_CR4",1995,"0-15",94.3933205111111
"E5_Field 3.3_RT_N45P0_CR4","E5","E5_N45P0_RT_CR4",2003,"0-15",93.0140505111111
"E5_Field 3.3_RT_N45P0_CR4","E5","E5_N45P0_RT_CR4",2011,"0-15",93.2195673311111
"E5_Field 3.3_RT_N45P20_CR3","E5","E5_N45P20_RT_CR3",1922,"c(""0-15"", ""15-30"")",47.10005
"E5_Field 3.3_RT_N45P20_CR4","E5","E5_N45P20_RT_CR4",1940,"c(""0-15"", ""15-30"")",46.095085
"E5_Field 3.3_RT_N45P20_CR4","E5","E5_N45P20_RT_CR4",1953,"c(""0-15"", ""15-30"")",44.3680925
"E5_Field 3.3_RT_N45P20_CR4","E5","E5_N45P20_RT_CR4",1967,"0-15",65.0052561111111
"E5_Field 3.3_RT_N45P20_CR4","E5","E5_N45P20_RT_CR4",1973,"c(""0-15"", ""15-30"")",46.45232143
"E5_Field 3.3_RT_N45P20_CR4","E5","E5_N45P20_RT_CR4",1995,"0-15",94.2689674911111
"E5_Field 3.3_RT_N45P20_CR4","E5","E5_N45P20_RT_CR4",2003,"0-15",93.9735828111111
"E5_Field 3.3_RT_N45P20_CR4","E5","E5_N45P20_RT_CR4",2011,"0-15",93.0285361811111
"E60_CT","E60","E60_CT_CR36",2004,"0-30",42.8
"E60_NT","E60","E60_NT_CR36",2004,"0-30",43.3
"E61_CT","E61","E61_CT_CR8",2004,"0-30",69.9
"E61_NT","E61","E61_NT_CR37",2004,"0-30",71.2
"E62_CT","E62","E62_CT_CR38",2004,"0-30",66.2
"E62_NT","E62","E62_NT_CR38",2004,"0-30",66.2
"E63_CT_CR39","E63","E63_CT_CR39",2003,"0-15",45.8
"E63_CT_CR40","E63","E63_CT_CR40",2003,"0-15",45.8
"E63_CT_CR41","E63","E63_CT_CR41",2003,"0-15",45.8
"E63_CT_CR42","E63","E63_CT_CR42",2003,"0-15",45.8
"E63_NT_CR39","E63","E63_NT_CR39",2003,"0-15",49.6
"E63_NT_CR40","E63","E63_NT_CR40",2003,"0-15",49.6
"E63_NT_CR41","E63","E63_NT_CR41",2003,"0-15",49.6
"E63_NT_CR42","E63","E63_NT_CR42",2003,"0-15",49.6
"E64_CT","E64","E64_CT_CR43",2001,"0-15",82.8
"E64_NT","E64","E64_NT_CR43",2001,"0-15",82
"E65_CT","E65","E65_CT_CR8",2010,"0-30",88.5
"E65_NT","E65","E65_NT_CR8",2010,"0-30",96.2
"E66_CT","E66","E66_CT_CR44",2008,"0-30",67.4
"E66_NT","E66","E66_NT_CR44",2008,"0-30",71
"E67_CT_CR1","E67","E67_CT_CR1",1993,"0-15",45.8
"E67_CT_CR2","E67","E67_CT_CR2",1993,"0-15",45.8
"E67_NT_CR1","E67","E67_NT_CR1",1993,"0-15",47.8
"E67_NT_CR2","E67","E67_NT_CR2",1993,"0-15",47.8
"E68_CT_CR2","E68","E68_CT_CR2",1992,"0-15",44.15
"E68_NT_CR2","E68","E68_NT_CR2",1992,"0-15",46.65
"E69_CT_CR32","E69","E69_CT_CR32",1994,"0-15",52.2
"E69_CT_CR33","E69","E69_CT_CR33",1994,"0-15",52.2
"E69_CT_CR34","E69","E69_CT_CR34",1994,"0-15",52.2
"E69_NT_CR32","E69","E69_NT_CR32",1994,"0-15",56.6
"E69_NT_CR33","E69","E69_NT_CR33",1994,"0-15",56.6
"E69_NT_CR34","E69","E69_NT_CR34",1994,"0-15",56.6
"E6_Field 1.10_CT_T17_CR12","E6","E6_T17_CT_CR12",1976,"c(""0-15"", ""15-30"")",54.54
"E6_Field 1.10_CT_T18_CR11","E6","E6_T18_CT_CR11",1981,"c(""0-15"", ""15-30"")",45.894
"E6_Field 1.10_CT_T18_CR11","E6","E6_T18_CT_CR11",1984,"c(""0-15"", ""15-30"")",49.446
"E6_Field 1.10_CT_T18_CR11","E6","E6_T18_CT_CR11",1990,"c(""0-15"", ""15-30"")",57.762
"E6_Field 1.10_CT_T18_CR11","E6","E6_T18_CT_CR11",1993,"c(""0-15"", ""15-30"")",62.106
"E6_Field 1.10_CT_T18_CR11","E6","E6_T18_CT_CR11",1996,"c(""0-15"", ""15-30"")",56.16
"E6_Field 1.10_CT_T18_CR11","E6","E6_T18_CT_CR11",1999,"c(""0-15"", ""15-30"")",54.798
"E6_Field 1.10_CT_T18_CR11","E6","E6_T18_CT_CR11",2003,"c(""0-7.5"", ""0-15"", ""7.5-15"", ""15-30"")",75.948
"E6_Field 1.10_CT_T18_CR11","E6","E6_T18_CT_CR11",2009,"c(""0-7.5"", ""0-15"", ""7.5-15"", ""15-30"")",71.612
"E6_Field 1.10_CT_T18_CR11","E6","E6_T18_CT_CR11",2015,"c(""0-7.5"", ""0-15"", ""7.5-15"", ""15-30"")",84.633
"E6_Field 1.11_CT_T19_CR13","E6","E6_T19_CT_CR13",1976,"c(""0-15"", ""15-30"")",45.20475
"E6_Field 1.11_CT_T19_CR13","E6","E6_T19_CT_CR13",1981,"c(""0-15"", ""15-30"")",47.9509
"E6_Field 1.11_CT_T19_CR13","E6","E6_T19_CT_CR13",1984,"c(""0-15"", ""15-30"")",46.6157
"E6_Field 1.11_CT_T19_CR13","E6","E6_T19_CT_CR13",1990,"c(""0-15"", ""15-30"")",48.3167
"E6_Field 1.11_CT_T19_CR13","E6","E6_T19_CT_CR13",1993,"c(""0-15"", ""15-30"")",50.0542
"E6_Field 1.11_CT_T19_CR13","E6","E6_T19_CT_CR13",1996,"c(""0-15"", ""15-30"")",49.9528
"E6_Field 1.11_CT_T19_CR13","E6","E6_T19_CT_CR13",1999,"c(""0-15"", ""15-30"")",49.45325
"E6_Field 1.11_CT_T19_CR13","E6","E6_T19_CT_CR13",2003,"c(""0-7.5"", ""0-15"", ""7.5-15"", ""15-30"")",63.655625
"E6_Field 1.11_CT_T19_CR13","E6","E6_T19_CT_CR13",2009,"c(""0-7.5"", ""0-15"", ""7.5-15"", ""15-30"")",60.4216666666667
"E6_Field 1.11_CT_T19_CR13","E6","E6_T19_CT_CR13",2015,"c(""0-7.5"", ""0-15"", ""7.5-15"", ""15-30"")",64.7339166666667
"E6_Field 1.12_CT_T20_CR10","E6","E6_T20_CT_CR10",1976,"c(""0-15"", ""15-30"")",47.07
"E6_Field 1.12_CT_T20_CR10","E6","E6_T20_CT_CR10",1981,"c(""0-15"", ""15-30"")",45.4386
"E6_Field 1.12_CT_T20_CR10","E6","E6_T20_CT_CR10",1984,"c(""0-15"", ""15-30"")",56.5312
"E6_Field 1.12_CT_T20_CR10","E6","E6_T20_CT_CR10",1990,"c(""0-15"", ""15-30"")",53.0824
"E6_Field 1.12_CT_T20_CR10","E6","E6_T20_CT_CR10",1993,"c(""0-15"", ""15-30"")",53.9651
"E6_Field 1.12_CT_T20_CR10","E6","E6_T20_CT_CR10",1996,"c(""0-15"", ""15-30"")",50.8516
"E6_Field 1.12_CT_T20_CR10","E6","E6_T20_CT_CR10",1999,"c(""0-15"", ""15-30"")",50.9298
"E6_Field 1.12_CT_T20_CR10","E6","E6_T20_CT_CR10",2003,"c(""0-7.5"", ""0-15"", ""7.5-15"", ""15-30"")",65.0330666666667
"E6_Field 1.12_CT_T20_CR10","E6","E6_T20_CT_CR10",2009,"c(""0-7.5"", ""0-15"", ""7.5-15"", ""15-30"")",68.2561666666667
"E6_Field 1.12_CT_T20_CR10","E6","E6_T20_CT_CR10",2015,"c(""0-7.5"", ""0-15"", ""7.5-15"", ""15-30"")",62.6868333333333
"E6_Field 1.1_CT_T1_CR1","E6","E6_T1_CT_CR1",1976,"c(""0-15"", ""15-30"")",49.1165
"E6_Field 1.1_CT_T1_CR1","E6","E6_T1_CT_CR1",1981,"c(""0-15"", ""15-30"")",47.13353333
"E6_Field 1.1_CT_T1_CR1","E6","E6_T1_CT_CR1",1984,"c(""0-15"", ""15-30"")",48.46943333
"E6_Field 1.1_CT_T1_CR1","E6","E6_T1_CT_CR1",1990,"c(""0-15"", ""15-30"")",48.64083333
"E6_Field 1.1_CT_T1_CR1","E6","E6_T1_CT_CR1",1993,"c(""0-15"", ""15-30"")",51.01356667
"E6_Field 1.1_CT_T1_CR1","E6","E6_T1_CT_CR1",1996,"c(""0-15"", ""15-30"")",50.81283333
"E6_Field 1.1_CT_T1_CR1","E6","E6_T1_CT_CR1",1999,"c(""0-15"", ""15-30"")",51.9371
"E6_Field 1.1_CT_T1_CR1","E6","E6_T1_CT_CR1",2003,"c(""0-7.5"", ""0-15"", ""7.5-15"", ""15-30"")",62.9028777766667
"E6_Field 1.1_CT_T1_CR1","E6","E6_T1_CT_CR1",2009,"c(""0-7.5"", ""0-15"", ""7.5-15"", ""15-30"")",59.76611111
"E6_Field 1.1_CT_T1_CR1","E6","E6_T1_CT_CR1",2015,"c(""0-7.5"", ""0-15"", ""7.5-15"", ""15-30"")",63.3875
"E6_Field 1.2_CT_T2_CR1","E6","E6_T2_CT_CR1",1976,"c(""0-15"", ""15-30"")",49.97866667
"E6_Field 1.2_CT_T2_CR1","E6","E6_T2_CT_CR1",1981,"c(""0-15"", ""15-30"")",44.25593333
"E6_Field 1.2_CT_T2_CR1","E6","E6_T2_CT_CR1",1984,"c(""0-15"", ""15-30"")",46.01073333
"E6_Field 1.2_CT_T2_CR1","E6","E6_T2_CT_CR1",1990,"c(""0-15"", ""15-30"")",52.2314
"E6_Field 1.2_CT_T2_CR1","E6","E6_T2_CT_CR1",1993,"c(""0-15"", ""15-30"")",54.51663333
"E6_Field 1.2_CT_T2_CR1","E6","E6_T2_CT_CR1",1996,"c(""0-15"", ""15-30"")",53.08876667
"E6_Field 1.2_CT_T2_CR1","E6","E6_T2_CT_CR1",1999,"c(""0-15"", ""15-30"")",55.48013333
"E6_Field 1.2_CT_T2_CR1","E6","E6_T2_CT_CR1",2003,"c(""0-7.5"", ""0-15"", ""7.5-15"", ""15-30"")",66.9319055566667
"E6_Field 1.2_CT_T2_CR1","E6","E6_T2_CT_CR1",2009,"c(""0-7.5"", ""0-15"", ""7.5-15"", ""15-30"")",65.19038889
"E6_Field 1.2_CT_T2_CR1","E6","E6_T2_CT_CR1",2015,"c(""0-7.5"", ""0-15"", ""7.5-15"", ""15-30"")",64.4387222233333
"E6_Field 1.3_CT_T3_CR2","E6","E6_T3_CT_CR2",1976,"c(""0-15"", ""15-30"")",47.48233333
"E6_Field 1.3_CT_T3_CR2","E6","E6_T3_CT_CR2",1981,"c(""0-15"", ""15-30"")",45.8401
"E6_Field 1.3_CT_T3_CR2","E6","E6_T3_CT_CR2",1984,"c(""0-15"", ""15-30"")",47.58266667
"E6_Field 1.3_CT_T3_CR2","E6","E6_T3_CT_CR2",1990,"c(""0-15"", ""15-30"")",45.9219
"E6_Field 1.3_CT_T3_CR2","E6","E6_T3_CT_CR2",1993,"c(""0-15"", ""15-30"")",47.85746667
"E6_Field 1.3_CT_T3_CR2","E6","E6_T3_CT_CR2",1996,"c(""0-15"", ""15-30"")",51.95363333
"E6_Field 1.3_CT_T3_CR2","E6","E6_T3_CT_CR2",1999,"c(""0-15"", ""15-30"")",51.16593333
"E6_Field 1.3_CT_T3_CR2","E6","E6_T3_CT_CR2",2003,"c(""0-7.5"", ""0-15"", ""7.5-15"", ""15-30"")",64.2494777766667
"E6_Field 1.3_CT_T3_CR2","E6","E6_T3_CT_CR2",2009,"c(""0-7.5"", ""0-15"", ""7.5-15"", ""15-30"")",64.1851666666667
"E6_Field 1.3_CT_T3_CR2","E6","E6_T3_CT_CR2",2015,"c(""0-7.5"", ""0-15"", ""7.5-15"", ""15-30"")",63.8099444433333
"E6_Field 1.4_CT_T4_CR3","E6","E6_T4_CT_CR3",1976,"c(""0-15"", ""15-30"")",52.011
"E6_Field 1.4_CT_T4_CR3","E6","E6_T4_CT_CR3",1981,"c(""0-15"", ""15-30"")",47.5759
"E6_Field 1.4_CT_T5_CR4","E6","E6_T5_CT_CR4",1984,"c(""0-15"", ""15-30"")",52.2261
"E6_Field 1.4_CT_T5_CR4","E6","E6_T5_CT_CR4",1990,"c(""0-15"", ""15-30"")",54.09773333
"E6_Field 1.4_CT_T6_CR5","E6","E6_T6_CT_CR5",1993,"c(""0-15"", ""15-30"")",54.85126667
"E6_Field 1.4_CT_T6_CR5","E6","E6_T6_CT_CR5",1996,"c(""0-15"", ""15-30"")",55.28283333
"E6_Field 1.4_CT_T6_CR5","E6","E6_T6_CT_CR5",1999,"c(""0-15"", ""15-30"")",56.7844
"E6_Field 1.4_CT_T6_CR5","E6","E6_T6_CT_CR5",2003,"c(""0-7.5"", ""0-15"", ""7.5-15"", ""15-30"")",71.1943833333333
"E6_Field 1.4_CT_T6_CR5","E6","E6_T6_CT_CR5",2009,"c(""0-7.5"", ""0-15"", ""7.5-15"", ""15-30"")",71.31211111
"E6_Field 1.4_CT_T6_CR5","E6","E6_T6_CT_CR5",2015,"c(""0-7.5"", ""0-15"", ""7.5-15"", ""15-30"")",75.6575
"E6_Field 1.5_CT_T7_CR1","E6","E6_T7_CT_CR1",1976,"c(""0-15"", ""15-30"")",47.09866667
"E6_Field 1.5_CT_T7_CR1","E6","E6_T7_CT_CR1",1981,"c(""0-15"", ""15-30"")",46.1445
"E6_Field 1.5_CT_T7_CR1","E6","E6_T7_CT_CR1",1984,"c(""0-15"", ""15-30"")",47.30566667
"E6_Field 1.5_CT_T7_CR1","E6","E6_T7_CT_CR1",1990,"c(""0-15"", ""15-30"")",48.26616667
"E6_Field 1.5_CT_T7_CR1","E6","E6_T7_CT_CR1",1993,"c(""0-15"", ""15-30"")",52.5221
"E6_Field 1.5_CT_T7_CR1","E6","E6_T7_CT_CR1",1996,"c(""0-15"", ""15-30"")",52.11293333
"E6_Field 1.5_CT_T7_CR1","E6","E6_T7_CT_CR1",1999,"c(""0-15"", ""15-30"")",51.74936667
"E6_Field 1.5_CT_T7_CR1","E6","E6_T7_CT_CR1",2003,"c(""0-7.5"", ""0-15"", ""7.5-15"", ""15-30"")",62.9499277766667
"E6_Field 1.5_CT_T7_CR1","E6","E6_T7_CT_CR1",2009,"c(""0-7.5"", ""0-15"", ""7.5-15"", ""15-30"")",60.4437777766667
"E6_Field 1.5_CT_T7_CR1","E6","E6_T7_CT_CR1",2015,"c(""0-7.5"", ""0-15"", ""7.5-15"", ""15-30"")",62.9440555566667
"E6_Field 1.6_CT_T10_CR8","E6","E6_T10_CT_CR8",2009,"c(""0-7.5"", ""0-15"", ""7.5-15"", ""15-30"")",70.672
"E6_Field 1.6_CT_T10_CR8","E6","E6_T10_CT_CR8",2015,"c(""0-7.5"", ""0-15"", ""7.5-15"", ""15-30"")",70.1776666666667
"E6_Field 1.6_CT_T8_CR6","E6","E6_T8_CT_CR6",1976,"c(""0-15"", ""15-30"")",50.79733333
"E6_Field 1.6_CT_T8_CR6","E6","E6_T8_CT_CR6",1981,"c(""0-15"", ""15-30"")",48.70566667
"E6_Field 1.6_CT_T8_CR6","E6","E6_T8_CT_CR6",1984,"c(""0-15"", ""15-30"")",51.95643333
"E6_Field 1.6_CT_T9_CR7","E6","E6_T9_CT_CR7",1990,"c(""0-15"", ""15-30"")",51.3239
"E6_Field 1.6_CT_T9_CR7","E6","E6_T9_CT_CR7",1993,"c(""0-15"", ""15-30"")",53.12806667
"E6_Field 1.6_CT_T9_CR7","E6","E6_T9_CT_CR7",1996,"c(""0-15"", ""15-30"")",54.1869
"E6_Field 1.6_CT_T9_CR7","E6","E6_T9_CT_CR7",1999,"c(""0-15"", ""15-30"")",55.72203333
"E6_Field 1.6_CT_T9_CR7","E6","E6_T9_CT_CR7",2003,"c(""0-7.5"", ""0-15"", ""7.5-15"", ""15-30"")",72.7242944433333
"E6_Field 1.7_CT_T11_CR9","E6","E6_T11_CT_CR9",1976,"c(""0-15"", ""15-30"")",54.31633333
"E6_Field 1.7_CT_T11_CR9","E6","E6_T11_CT_CR9",1981,"c(""0-15"", ""15-30"")",51.23426667
"E6_Field 1.7_CT_T11_CR9","E6","E6_T11_CT_CR9",1984,"c(""0-15"", ""15-30"")",51.8556
"E6_Field 1.7_CT_T12_CR7","E6","E6_T12_CT_CR7",1990,"c(""0-15"", ""15-30"")",51.52226667
"E6_Field 1.7_CT_T12_CR7","E6","E6_T12_CT_CR7",1993,"c(""0-15"", ""15-30"")",56.0612
"E6_Field 1.7_CT_T12_CR7","E6","E6_T12_CT_CR7",1996,"c(""0-15"", ""15-30"")",58.01026667
"E6_Field 1.7_CT_T12_CR7","E6","E6_T12_CT_CR7",1999,"c(""0-15"", ""15-30"")",57.1329
"E6_Field 1.7_CT_T12_CR7","E6","E6_T12_CT_CR7",2003,"c(""0-7.5"", ""0-15"", ""7.5-15"", ""15-30"")",77.4631833333333
"E6_Field 1.7_CT_T13_CR8","E6","E6_T13_CT_CR8",2009,"c(""0-7.5"", ""0-15"", ""7.5-15"", ""15-30"")",72.50611111
"E6_Field 1.7_CT_T13_CR8","E6","E6_T13_CT_CR8",2015,"c(""0-7.5"", ""0-15"", ""7.5-15"", ""15-30"")",74.2566666666667
"E6_Field 1.8_CT_T14_CR10","E6","E6_T14_CT_CR10",1976,"c(""0-15"", ""15-30"")",55.9545
"E6_Field 1.8_CT_T14_CR10","E6","E6_T14_CT_CR10",1981,"c(""0-15"", ""15-30"")",52.223
"E6_Field 1.8_CT_T14_CR10","E6","E6_T14_CT_CR10",1984,"c(""0-15"", ""15-30"")",49.299
"E6_Field 1.8_CT_T14_CR10","E6","E6_T14_CT_CR10",1990,"c(""0-15"", ""15-30"")",51.6427
"E6_Field 1.8_CT_T14_CR10","E6","E6_T14_CT_CR10",1993,"c(""0-15"", ""15-30"")",52.4103
"E6_Field 1.8_CT_T14_CR10","E6","E6_T14_CT_CR10",1996,"c(""0-15"", ""15-30"")",57.5754
"E6_Field 1.8_CT_T14_CR10","E6","E6_T14_CT_CR10",1999,"c(""0-15"", ""15-30"")",57.7814
"E6_Field 1.8_CT_T14_CR10","E6","E6_T14_CT_CR10",2003,"c(""0-7.5"", ""0-15"", ""7.5-15"", ""15-30"")",81.9898166666667
"E6_Field 1.8_CT_T14_CR10","E6","E6_T14_CT_CR10",2009,"c(""0-7.5"", ""0-15"", ""7.5-15"", ""15-30"")",70.0645
"E6_Field 1.8_CT_T14_CR10","E6","E6_T14_CT_CR10",2015,"c(""0-7.5"", ""0-15"", ""7.5-15"", ""15-30"")",75.84
"E6_Field 1.9_CT_T15_CR10","E6","E6_T15_CT_CR10",1976,"c(""0-15"", ""15-30"")",56.28
"E6_Field 1.9_CT_T16_CR11","E6","E6_T16_CT_CR11",1981,"c(""0-15"", ""15-30"")",57.042
"E6_Field 1.9_CT_T16_CR11","E6","E6_T16_CT_CR11",1984,"c(""0-15"", ""15-30"")",56.826
"E6_Field 1.9_CT_T16_CR11","E6","E6_T16_CT_CR11",1990,"c(""0-15"", ""15-30"")",53.796
"E6_Field 1.9_CT_T16_CR11","E6","E6_T16_CT_CR11",1993,"c(""0-15"", ""15-30"")",56.712
"E6_Field 1.9_CT_T16_CR11","E6","E6_T16_CT_CR11",1996,"c(""0-15"", ""15-30"")",58.314
"E6_Field 1.9_CT_T16_CR11","E6","E6_T16_CT_CR11",1999,"c(""0-15"", ""15-30"")",59.97
"E6_Field 1.9_CT_T16_CR11","E6","E6_T16_CT_CR11",2003,"c(""0-7.5"", ""0-15"", ""7.5-15"", ""15-30"")",79.1993
"E6_Field 1.9_CT_T16_CR11","E6","E6_T16_CT_CR11",2009,"c(""0-7.5"", ""0-15"", ""7.5-15"", ""15-30"")",80.3245
"E6_Field 1.9_CT_T16_CR11","E6","E6_T16_CT_CR11",2015,"c(""0-7.5"", ""0-15"", ""7.5-15"", ""15-30"")",83.698
"E6_Field 2.11_CT_T19_CR13","E6","E6_T19_CT_CR13",1976,"c(""0-15"", ""15-30"")",45.20475
"E6_Field 2.11_CT_T19_CR13","E6","E6_T19_CT_CR13",1981,"c(""0-15"", ""15-30"")",47.9509
"E6_Field 2.11_CT_T19_CR13","E6","E6_T19_CT_CR13",1984,"c(""0-15"", ""15-30"")",46.6157
"E6_Field 2.11_CT_T19_CR13","E6","E6_T19_CT_CR13",1990,"c(""0-15"", ""15-30"")",48.3167
"E6_Field 2.11_CT_T19_CR13","E6","E6_T19_CT_CR13",1993,"c(""0-15"", ""15-30"")",50.0542
"E6_Field 2.11_CT_T19_CR13","E6","E6_T19_CT_CR13",1996,"c(""0-15"", ""15-30"")",49.9528
"E6_Field 2.11_CT_T19_CR13","E6","E6_T19_CT_CR13",1999,"c(""0-15"", ""15-30"")",49.45325
"E6_Field 2.11_CT_T19_CR13","E6","E6_T19_CT_CR13",2003,"c(""0-7.5"", ""0-15"", ""7.5-15"", ""15-30"")",63.655625
"E6_Field 2.11_CT_T19_CR13","E6","E6_T19_CT_CR13",2009,"c(""0-7.5"", ""0-15"", ""7.5-15"", ""15-30"")",60.4216666666667
"E6_Field 2.11_CT_T19_CR13","E6","E6_T19_CT_CR13",2015,"c(""0-7.5"", ""0-15"", ""7.5-15"", ""15-30"")",64.7339166666667
"E6_Field 2.1_CT_T1_CR1","E6","E6_T1_CT_CR1",1976,"c(""0-15"", ""15-30"")",49.1165
"E6_Field 2.1_CT_T1_CR1","E6","E6_T1_CT_CR1",1981,"c(""0-15"", ""15-30"")",47.13353333
"E6_Field 2.1_CT_T1_CR1","E6","E6_T1_CT_CR1",1984,"c(""0-15"", ""15-30"")",48.46943333
"E6_Field 2.1_CT_T1_CR1","E6","E6_T1_CT_CR1",1990,"c(""0-15"", ""15-30"")",48.64083333
"E6_Field 2.1_CT_T1_CR1","E6","E6_T1_CT_CR1",1993,"c(""0-15"", ""15-30"")",51.01356667
"E6_Field 2.1_CT_T1_CR1","E6","E6_T1_CT_CR1",1996,"c(""0-15"", ""15-30"")",50.81283333
"E6_Field 2.1_CT_T1_CR1","E6","E6_T1_CT_CR1",1999,"c(""0-15"", ""15-30"")",51.9371
"E6_Field 2.1_CT_T1_CR1","E6","E6_T1_CT_CR1",2003,"c(""0-7.5"", ""0-15"", ""7.5-15"", ""15-30"")",62.9028777766667
"E6_Field 2.1_CT_T1_CR1","E6","E6_T1_CT_CR1",2009,"c(""0-7.5"", ""0-15"", ""7.5-15"", ""15-30"")",59.76611111
"E6_Field 2.1_CT_T1_CR1","E6","E6_T1_CT_CR1",2015,"c(""0-7.5"", ""0-15"", ""7.5-15"", ""15-30"")",63.3875
"E6_Field 2.2_CT_T2_CR1","E6","E6_T2_CT_CR1",1976,"c(""0-15"", ""15-30"")",49.97866667
"E6_Field 2.2_CT_T2_CR1","E6","E6_T2_CT_CR1",1981,"c(""0-15"", ""15-30"")",44.25593333
"E6_Field 2.2_CT_T2_CR1","E6","E6_T2_CT_CR1",1984,"c(""0-15"", ""15-30"")",46.01073333
"E6_Field 2.2_CT_T2_CR1","E6","E6_T2_CT_CR1",1990,"c(""0-15"", ""15-30"")",52.2314
"E6_Field 2.2_CT_T2_CR1","E6","E6_T2_CT_CR1",1993,"c(""0-15"", ""15-30"")",54.51663333
"E6_Field 2.2_CT_T2_CR1","E6","E6_T2_CT_CR1",1996,"c(""0-15"", ""15-30"")",53.08876667
"E6_Field 2.2_CT_T2_CR1","E6","E6_T2_CT_CR1",1999,"c(""0-15"", ""15-30"")",55.48013333
"E6_Field 2.2_CT_T2_CR1","E6","E6_T2_CT_CR1",2003,"c(""0-7.5"", ""0-15"", ""7.5-15"", ""15-30"")",66.9319055566667
"E6_Field 2.2_CT_T2_CR1","E6","E6_T2_CT_CR1",2009,"c(""0-7.5"", ""0-15"", ""7.5-15"", ""15-30"")",65.19038889
"E6_Field 2.2_CT_T2_CR1","E6","E6_T2_CT_CR1",2015,"c(""0-7.5"", ""0-15"", ""7.5-15"", ""15-30"")",64.4387222233333
"E6_Field 2.3_CT_T3_CR2","E6","E6_T3_CT_CR2",1976,"c(""0-15"", ""15-30"")",47.48233333
"E6_Field 2.3_CT_T3_CR2","E6","E6_T3_CT_CR2",1981,"c(""0-15"", ""15-30"")",45.8401
"E6_Field 2.3_CT_T3_CR2","E6","E6_T3_CT_CR2",1984,"c(""0-15"", ""15-30"")",47.58266667
"E6_Field 2.3_CT_T3_CR2","E6","E6_T3_CT_CR2",1990,"c(""0-15"", ""15-30"")",45.9219
"E6_Field 2.3_CT_T3_CR2","E6","E6_T3_CT_CR2",1993,"c(""0-15"", ""15-30"")",47.85746667
"E6_Field 2.3_CT_T3_CR2","E6","E6_T3_CT_CR2",1996,"c(""0-15"", ""15-30"")",51.95363333
"E6_Field 2.3_CT_T3_CR2","E6","E6_T3_CT_CR2",1999,"c(""0-15"", ""15-30"")",51.16593333
"E6_Field 2.3_CT_T3_CR2","E6","E6_T3_CT_CR2",2003,"c(""0-7.5"", ""0-15"", ""7.5-15"", ""15-30"")",64.2494777766667
"E6_Field 2.3_CT_T3_CR2","E6","E6_T3_CT_CR2",2009,"c(""0-7.5"", ""0-15"", ""7.5-15"", ""15-30"")",64.1851666666667
"E6_Field 2.3_CT_T3_CR2","E6","E6_T3_CT_CR2",2015,"c(""0-7.5"", ""0-15"", ""7.5-15"", ""15-30"")",63.8099444433333
"E6_Field 2.4_CT_T4_CR3","E6","E6_T4_CT_CR3",1976,"c(""0-15"", ""15-30"")",52.011
"E6_Field 2.4_CT_T4_CR3","E6","E6_T4_CT_CR3",1981,"c(""0-15"", ""15-30"")",47.5759
"E6_Field 2.4_CT_T5_CR4","E6","E6_T5_CT_CR4",1984,"c(""0-15"", ""15-30"")",52.2261
"E6_Field 2.4_CT_T5_CR4","E6","E6_T5_CT_CR4",1990,"c(""0-15"", ""15-30"")",54.09773333
"E6_Field 2.4_CT_T6_CR5","E6","E6_T6_CT_CR5",1993,"c(""0-15"", ""15-30"")",54.85126667
"E6_Field 2.4_CT_T6_CR5","E6","E6_T6_CT_CR5",1996,"c(""0-15"", ""15-30"")",55.28283333
"E6_Field 2.4_CT_T6_CR5","E6","E6_T6_CT_CR5",1999,"c(""0-15"", ""15-30"")",56.7844
"E6_Field 2.4_CT_T6_CR5","E6","E6_T6_CT_CR5",2003,"c(""0-7.5"", ""0-15"", ""7.5-15"", ""15-30"")",71.1943833333333
"E6_Field 2.4_CT_T6_CR5","E6","E6_T6_CT_CR5",2009,"c(""0-7.5"", ""0-15"", ""7.5-15"", ""15-30"")",71.31211111
"E6_Field 2.4_CT_T6_CR5","E6","E6_T6_CT_CR5",2015,"c(""0-7.5"", ""0-15"", ""7.5-15"", ""15-30"")",75.6575
"E6_Field 2.5_CT_T7_CR1","E6","E6_T7_CT_CR1",1976,"c(""0-15"", ""15-30"")",47.09866667
"E6_Field 2.5_CT_T7_CR1","E6","E6_T7_CT_CR1",1981,"c(""0-15"", ""15-30"")",46.1445
"E6_Field 2.5_CT_T7_CR1","E6","E6_T7_CT_CR1",1984,"c(""0-15"", ""15-30"")",47.30566667
"E6_Field 2.5_CT_T7_CR1","E6","E6_T7_CT_CR1",1990,"c(""0-15"", ""15-30"")",48.26616667
"E6_Field 2.5_CT_T7_CR1","E6","E6_T7_CT_CR1",1993,"c(""0-15"", ""15-30"")",52.5221
"E6_Field 2.5_CT_T7_CR1","E6","E6_T7_CT_CR1",1996,"c(""0-15"", ""15-30"")",52.11293333
"E6_Field 2.5_CT_T7_CR1","E6","E6_T7_CT_CR1",1999,"c(""0-15"", ""15-30"")",51.74936667
"E6_Field 2.5_CT_T7_CR1","E6","E6_T7_CT_CR1",2003,"c(""0-7.5"", ""0-15"", ""7.5-15"", ""15-30"")",62.9499277766667
"E6_Field 2.5_CT_T7_CR1","E6","E6_T7_CT_CR1",2009,"c(""0-7.5"", ""0-15"", ""7.5-15"", ""15-30"")",60.4437777766667
"E6_Field 2.5_CT_T7_CR1","E6","E6_T7_CT_CR1",2015,"c(""0-7.5"", ""0-15"", ""7.5-15"", ""15-30"")",62.9440555566667
"E6_Field 2.6_CT_T10_CR8","E6","E6_T10_CT_CR8",2009,"c(""0-7.5"", ""0-15"", ""7.5-15"", ""15-30"")",70.672
"E6_Field 2.6_CT_T10_CR8","E6","E6_T10_CT_CR8",2015,"c(""0-7.5"", ""0-15"", ""7.5-15"", ""15-30"")",70.1776666666667
"E6_Field 2.6_CT_T8_CR6","E6","E6_T8_CT_CR6",1976,"c(""0-15"", ""15-30"")",50.79733333
"E6_Field 2.6_CT_T8_CR6","E6","E6_T8_CT_CR6",1981,"c(""0-15"", ""15-30"")",48.70566667
"E6_Field 2.6_CT_T8_CR6","E6","E6_T8_CT_CR6",1984,"c(""0-15"", ""15-30"")",51.95643333
"E6_Field 2.6_CT_T9_CR7","E6","E6_T9_CT_CR7",1990,"c(""0-15"", ""15-30"")",51.3239
"E6_Field 2.6_CT_T9_CR7","E6","E6_T9_CT_CR7",1993,"c(""0-15"", ""15-30"")",53.12806667
"E6_Field 2.6_CT_T9_CR7","E6","E6_T9_CT_CR7",1996,"c(""0-15"", ""15-30"")",54.1869
"E6_Field 2.6_CT_T9_CR7","E6","E6_T9_CT_CR7",1999,"c(""0-15"", ""15-30"")",55.72203333
"E6_Field 2.6_CT_T9_CR7","E6","E6_T9_CT_CR7",2003,"c(""0-7.5"", ""0-15"", ""7.5-15"", ""15-30"")",72.7242944433333
"E6_Field 2.7_CT_T11_CR9","E6","E6_T11_CT_CR9",1976,"c(""0-15"", ""15-30"")",54.31633333
"E6_Field 2.7_CT_T11_CR9","E6","E6_T11_CT_CR9",1981,"c(""0-15"", ""15-30"")",51.23426667
"E6_Field 2.7_CT_T11_CR9","E6","E6_T11_CT_CR9",1984,"c(""0-15"", ""15-30"")",51.8556
"E6_Field 2.7_CT_T12_CR7","E6","E6_T12_CT_CR7",1990,"c(""0-15"", ""15-30"")",51.52226667
"E6_Field 2.7_CT_T12_CR7","E6","E6_T12_CT_CR7",1993,"c(""0-15"", ""15-30"")",56.0612
"E6_Field 2.7_CT_T12_CR7","E6","E6_T12_CT_CR7",1996,"c(""0-15"", ""15-30"")",58.01026667
"E6_Field 2.7_CT_T12_CR7","E6","E6_T12_CT_CR7",1999,"c(""0-15"", ""15-30"")",57.1329
"E6_Field 2.7_CT_T12_CR7","E6","E6_T12_CT_CR7",2003,"c(""0-7.5"", ""0-15"", ""7.5-15"", ""15-30"")",77.4631833333333
"E6_Field 2.7_CT_T13_CR8","E6","E6_T13_CT_CR8",2009,"c(""0-7.5"", ""0-15"", ""7.5-15"", ""15-30"")",72.50611111
"E6_Field 2.7_CT_T13_CR8","E6","E6_T13_CT_CR8",2015,"c(""0-7.5"", ""0-15"", ""7.5-15"", ""15-30"")",74.2566666666667
"E6_Field 3.1_CT_T1_CR1","E6","E6_T1_CT_CR1",1976,"c(""0-15"", ""15-30"")",49.1165
"E6_Field 3.1_CT_T1_CR1","E6","E6_T1_CT_CR1",1981,"c(""0-15"", ""15-30"")",47.13353333
"E6_Field 3.1_CT_T1_CR1","E6","E6_T1_CT_CR1",1984,"c(""0-15"", ""15-30"")",48.46943333
"E6_Field 3.1_CT_T1_CR1","E6","E6_T1_CT_CR1",1990,"c(""0-15"", ""15-30"")",48.64083333
"E6_Field 3.1_CT_T1_CR1","E6","E6_T1_CT_CR1",1993,"c(""0-15"", ""15-30"")",51.01356667
"E6_Field 3.1_CT_T1_CR1","E6","E6_T1_CT_CR1",1996,"c(""0-15"", ""15-30"")",50.81283333
"E6_Field 3.1_CT_T1_CR1","E6","E6_T1_CT_CR1",1999,"c(""0-15"", ""15-30"")",51.9371
"E6_Field 3.1_CT_T1_CR1","E6","E6_T1_CT_CR1",2003,"c(""0-7.5"", ""0-15"", ""7.5-15"", ""15-30"")",62.9028777766667
"E6_Field 3.1_CT_T1_CR1","E6","E6_T1_CT_CR1",2009,"c(""0-7.5"", ""0-15"", ""7.5-15"", ""15-30"")",59.76611111
"E6_Field 3.1_CT_T1_CR1","E6","E6_T1_CT_CR1",2015,"c(""0-7.5"", ""0-15"", ""7.5-15"", ""15-30"")",63.3875
"E6_Field 3.2_CT_T2_CR1","E6","E6_T2_CT_CR1",1976,"c(""0-15"", ""15-30"")",49.97866667
"E6_Field 3.2_CT_T2_CR1","E6","E6_T2_CT_CR1",1981,"c(""0-15"", ""15-30"")",44.25593333
"E6_Field 3.2_CT_T2_CR1","E6","E6_T2_CT_CR1",1984,"c(""0-15"", ""15-30"")",46.01073333
"E6_Field 3.2_CT_T2_CR1","E6","E6_T2_CT_CR1",1990,"c(""0-15"", ""15-30"")",52.2314
"E6_Field 3.2_CT_T2_CR1","E6","E6_T2_CT_CR1",1993,"c(""0-15"", ""15-30"")",54.51663333
"E6_Field 3.2_CT_T2_CR1","E6","E6_T2_CT_CR1",1996,"c(""0-15"", ""15-30"")",53.08876667
"E6_Field 3.2_CT_T2_CR1","E6","E6_T2_CT_CR1",1999,"c(""0-15"", ""15-30"")",55.48013333
"E6_Field 3.2_CT_T2_CR1","E6","E6_T2_CT_CR1",2003,"c(""0-7.5"", ""0-15"", ""7.5-15"", ""15-30"")",66.9319055566667
"E6_Field 3.2_CT_T2_CR1","E6","E6_T2_CT_CR1",2009,"c(""0-7.5"", ""0-15"", ""7.5-15"", ""15-30"")",65.19038889
"E6_Field 3.2_CT_T2_CR1","E6","E6_T2_CT_CR1",2015,"c(""0-7.5"", ""0-15"", ""7.5-15"", ""15-30"")",64.4387222233333
"E6_Field 3.3_CT_T3_CR2","E6","E6_T3_CT_CR2",1976,"c(""0-15"", ""15-30"")",47.48233333
"E6_Field 3.3_CT_T3_CR2","E6","E6_T3_CT_CR2",1981,"c(""0-15"", ""15-30"")",45.8401
"E6_Field 3.3_CT_T3_CR2","E6","E6_T3_CT_CR2",1984,"c(""0-15"", ""15-30"")",47.58266667
"E6_Field 3.3_CT_T3_CR2","E6","E6_T3_CT_CR2",1990,"c(""0-15"", ""15-30"")",45.9219
"E6_Field 3.3_CT_T3_CR2","E6","E6_T3_CT_CR2",1993,"c(""0-15"", ""15-30"")",47.85746667
"E6_Field 3.3_CT_T3_CR2","E6","E6_T3_CT_CR2",1996,"c(""0-15"", ""15-30"")",51.95363333
"E6_Field 3.3_CT_T3_CR2","E6","E6_T3_CT_CR2",1999,"c(""0-15"", ""15-30"")",51.16593333
"E6_Field 3.3_CT_T3_CR2","E6","E6_T3_CT_CR2",2003,"c(""0-7.5"", ""0-15"", ""7.5-15"", ""15-30"")",64.2494777766667
"E6_Field 3.3_CT_T3_CR2","E6","E6_T3_CT_CR2",2009,"c(""0-7.5"", ""0-15"", ""7.5-15"", ""15-30"")",64.1851666666667
"E6_Field 3.3_CT_T3_CR2","E6","E6_T3_CT_CR2",2015,"c(""0-7.5"", ""0-15"", ""7.5-15"", ""15-30"")",63.8099444433333
"E6_Field 3.4_CT_T4_CR3","E6","E6_T4_CT_CR3",1976,"c(""0-15"", ""15-30"")",52.011
"E6_Field 3.4_CT_T4_CR3","E6","E6_T4_CT_CR3",1981,"c(""0-15"", ""15-30"")",47.5759
"E6_Field 3.4_CT_T5_CR4","E6","E6_T5_CT_CR4",1984,"c(""0-15"", ""15-30"")",52.2261
"E6_Field 3.4_CT_T5_CR4","E6","E6_T5_CT_CR4",1990,"c(""0-15"", ""15-30"")",54.09773333
"E6_Field 3.4_CT_T6_CR5","E6","E6_T6_CT_CR5",1993,"c(""0-15"", ""15-30"")",54.85126667
"E6_Field 3.4_CT_T6_CR5","E6","E6_T6_CT_CR5",1996,"c(""0-15"", ""15-30"")",55.28283333
"E6_Field 3.4_CT_T6_CR5","E6","E6_T6_CT_CR5",1999,"c(""0-15"", ""15-30"")",56.7844
"E6_Field 3.4_CT_T6_CR5","E6","E6_T6_CT_CR5",2003,"c(""0-7.5"", ""0-15"", ""7.5-15"", ""15-30"")",71.1943833333333
"E6_Field 3.4_CT_T6_CR5","E6","E6_T6_CT_CR5",2009,"c(""0-7.5"", ""0-15"", ""7.5-15"", ""15-30"")",71.31211111
"E6_Field 3.4_CT_T6_CR5","E6","E6_T6_CT_CR5",2015,"c(""0-7.5"", ""0-15"", ""7.5-15"", ""15-30"")",75.6575
"E6_Field 3.5_CT_T7_CR1","E6","E6_T7_CT_CR1",1976,"c(""0-15"", ""15-30"")",47.09866667
"E6_Field 3.5_CT_T7_CR1","E6","E6_T7_CT_CR1",1981,"c(""0-15"", ""15-30"")",46.1445
"E6_Field 3.5_CT_T7_CR1","E6","E6_T7_CT_CR1",1984,"c(""0-15"", ""15-30"")",47.30566667
"E6_Field 3.5_CT_T7_CR1","E6","E6_T7_CT_CR1",1990,"c(""0-15"", ""15-30"")",48.26616667
"E6_Field 3.5_CT_T7_CR1","E6","E6_T7_CT_CR1",1993,"c(""0-15"", ""15-30"")",52.5221
"E6_Field 3.5_CT_T7_CR1","E6","E6_T7_CT_CR1",1996,"c(""0-15"", ""15-30"")",52.11293333
"E6_Field 3.5_CT_T7_CR1","E6","E6_T7_CT_CR1",1999,"c(""0-15"", ""15-30"")",51.74936667
"E6_Field 3.5_CT_T7_CR1","E6","E6_T7_CT_CR1",2003,"c(""0-7.5"", ""0-15"", ""7.5-15"", ""15-30"")",62.9499277766667
"E6_Field 3.5_CT_T7_CR1","E6","E6_T7_CT_CR1",2009,"c(""0-7.5"", ""0-15"", ""7.5-15"", ""15-30"")",60.4437777766667
"E6_Field 3.5_CT_T7_CR1","E6","E6_T7_CT_CR1",2015,"c(""0-7.5"", ""0-15"", ""7.5-15"", ""15-30"")",62.9440555566667
"E6_Field 3.6_CT_T10_CR8","E6","E6_T10_CT_CR8",2009,"c(""0-7.5"", ""0-15"", ""7.5-15"", ""15-30"")",70.672
"E6_Field 3.6_CT_T10_CR8","E6","E6_T10_CT_CR8",2015,"c(""0-7.5"", ""0-15"", ""7.5-15"", ""15-30"")",70.1776666666667
"E6_Field 3.6_CT_T8_CR6","E6","E6_T8_CT_CR6",1976,"c(""0-15"", ""15-30"")",50.79733333
"E6_Field 3.6_CT_T8_CR6","E6","E6_T8_CT_CR6",1981,"c(""0-15"", ""15-30"")",48.70566667
"E6_Field 3.6_CT_T8_CR6","E6","E6_T8_CT_CR6",1984,"c(""0-15"", ""15-30"")",51.95643333
"E6_Field 3.6_CT_T9_CR7","E6","E6_T9_CT_CR7",1990,"c(""0-15"", ""15-30"")",51.3239
"E6_Field 3.6_CT_T9_CR7","E6","E6_T9_CT_CR7",1993,"c(""0-15"", ""15-30"")",53.12806667
"E6_Field 3.6_CT_T9_CR7","E6","E6_T9_CT_CR7",1996,"c(""0-15"", ""15-30"")",54.1869
"E6_Field 3.6_CT_T9_CR7","E6","E6_T9_CT_CR7",1999,"c(""0-15"", ""15-30"")",55.72203333
"E6_Field 3.6_CT_T9_CR7","E6","E6_T9_CT_CR7",2003,"c(""0-7.5"", ""0-15"", ""7.5-15"", ""15-30"")",72.7242944433333
"E6_Field 3.7_CT_T11_CR9","E6","E6_T11_CT_CR9",1976,"c(""0-15"", ""15-30"")",54.31633333
"E6_Field 3.7_CT_T11_CR9","E6","E6_T11_CT_CR9",1981,"c(""0-15"", ""15-30"")",51.23426667
"E6_Field 3.7_CT_T11_CR9","E6","E6_T11_CT_CR9",1984,"c(""0-15"", ""15-30"")",51.8556
"E6_Field 3.7_CT_T12_CR7","E6","E6_T12_CT_CR7",1990,"c(""0-15"", ""15-30"")",51.52226667
"E6_Field 3.7_CT_T12_CR7","E6","E6_T12_CT_CR7",1993,"c(""0-15"", ""15-30"")",56.0612
"E6_Field 3.7_CT_T12_CR7","E6","E6_T12_CT_CR7",1996,"c(""0-15"", ""15-30"")",58.01026667
"E6_Field 3.7_CT_T12_CR7","E6","E6_T12_CT_CR7",1999,"c(""0-15"", ""15-30"")",57.1329
"E6_Field 3.7_CT_T12_CR7","E6","E6_T12_CT_CR7",2003,"c(""0-7.5"", ""0-15"", ""7.5-15"", ""15-30"")",77.4631833333333
"E6_Field 3.7_CT_T13_CR8","E6","E6_T13_CT_CR8",2009,"c(""0-7.5"", ""0-15"", ""7.5-15"", ""15-30"")",72.50611111
"E6_Field 3.7_CT_T13_CR8","E6","E6_T13_CT_CR8",2015,"c(""0-7.5"", ""0-15"", ""7.5-15"", ""15-30"")",74.2566666666667
"E70_CT_CR19","E70","E70_CT_CR19",1993,"0-15",59.05
"E70_CT_CR20","E70","E70_CT_CR20",1993,"0-15",59.05
"E70_CT_CR45","E70","E70_CT_CR45",1993,"0-15",59.05
"E70_NT_CR19","E70","E70_NT_CR19",1993,"0-15",63.15
"E70_NT_CR20","E70","E70_NT_CR20",1993,"0-15",63.15
"E70_NT_CR45","E70","E70_NT_CR45",1993,"0-15",63.15
"E71_CT","E71","E71_CT_CR2",1994,"0-15",77.2
"E71_NT","E71","E71_NT_CR2",1994,"0-15",84.3
"E72_CT_CR1","E72","E72_CT_CR1",1993,"0-15",45.8
"E72_CT_CR2","E72","E72_CT_CR2",1993,"0-15",45.8
"E72_NT_CR1","E72","E72_NT_CR1",1993,"0-15",47.8
"E72_NT_CR2","E72","E72_NT_CR2",1993,"0-15",47.8
"E73_CT","E73","E73_CT_CR43",2005,"0-15",82.5
"E73_NT","E73","E73_NT_CR43",2005,"0-15",82.3
"E74_CT","E74","E74_CT_CR38",2004,"0-30",54.5
"E74_NT","E74","E74_NT_CR38",2004,"0-30",53
"E75_CT","E75","E75_CT_CR8",2004,"0-60",86.1
"E75_NT","E75","E75_NT_CR8",2004,"0-60",84.1
"E7_Field 1T1","E7","E7_T1_RT_CR1",1987,"c(""0-7.5"", ""0-15"", ""7.5-15"", ""15-30"")",64.5436745833333
"E7_Field 1T1","E7","E7_T1_RT_CR1",1990,"c(""0-7.5"", ""0-15"", ""7.5-15"")",45.7808327852174
"E7_Field 1T1","E7","E7_T1_RT_CR1",1993,"c(""0-7.5"", ""0-15"", ""7.5-15"")",45.7164244552174
"E7_Field 1T1","E7","E7_T1_NT_CR1",1996,"c(""0-7.5"", ""0-15"", ""7.5-15"")",47.9019411252174
"E7_Field 1T1","E7","E7_T1_NT_CR1",1999,"c(""0-7.5"", ""0-15"", ""7.5-15"", ""15-30"")",55.9106315215
"E7_Field 1T1","E7","E7_T1_NT_CR1",2003,"c(""0-7.5"", ""0-15"", ""7.5-15"", ""15-30"")",62.3825249395
"E7_Field 1T1","E7","E7_T1_NT_CR1",2009,"c(""0-7.5"", ""0-15"", ""7.5-15"", ""15-30"")",61.8809125021667
"E7_Field 1T1","E7","E7_T1_NT_CR1",2015,"c(""0-7.5"", ""0-15"", ""7.5-15"", ""15-30"")",58.4596319411667
"E7_Field 1T2","E7","E7_T2_RT_CR2",1987,"c(""0-7.5"", ""0-15"", ""7.5-15"", ""15-30"")",64.1139333411667
"E7_Field 1T2","E7","E7_T2_RT_CR2",1990,"c(""0-7.5"", ""0-15"", ""7.5-15"")",45.7663411252174
"E7_Field 1T2","E7","E7_T2_RT_CR2",1993,"c(""0-7.5"", ""0-15"", ""7.5-15"")",46.5398411252174
"E7_Field 1T2","E7","E7_T2_NT_CR2",1996,"c(""0-7.5"", ""0-15"", ""7.5-15"")",48.3836744552174
"E7_Field 1T2","E7","E7_T2_NT_CR2",1999,"c(""0-7.5"", ""0-15"", ""7.5-15"", ""15-30"")",59.6006386021667
"E7_Field 1T2","E7","E7_T2_NT_CR2",2003,"c(""0-7.5"", ""0-15"", ""7.5-15"", ""15-30"")",65.2517427083333
"E7_Field 1T2","E7","E7_T2_NT_CR2",2009,"c(""0-7.5"", ""0-15"", ""7.5-15"", ""15-30"")",65.5015166588333
"E7_Field 1T2","E7","E7_T2_NT_CR2",2015,"c(""0-7.5"", ""0-15"", ""7.5-15"", ""15-30"")",65.0725972311667
"E7_Field 1T3","E7","E7_T3_RT_CR3",1987,"c(""0-7.5"", ""0-15"", ""7.5-15"", ""15-30"")",63.4955763845
"E7_Field 1T3","E7","E7_T3_RT_CR3",1990,"c(""0-7.5"", ""0-15"", ""7.5-15"")",46.4488411252174
"E7_Field 1T3","E7","E7_T3_RT_CR3",1993,"c(""0-7.5"", ""0-15"", ""7.5-15"")",46.2419244552174
"E7_Field 1T3","E7","E7_T3_NT_CR3",1996,"c(""0-7.5"", ""0-15"", ""7.5-15"")",47.3100911252174
"E7_Field 1T3","E7","E7_T3_NT_CR3",1999,"c(""0-7.5"", ""0-15"", ""7.5-15"", ""15-30"")",61.1364284755
"E7_Field 1T4","E7","E7_T4_RT_CR1",1987,"c(""0-7.5"", ""0-15"", ""7.5-15"", ""15-30"")",62.6228288435
"E7_Field 1T4","E7","E7_T4_RT_CR1",1990,"c(""0-7.5"", ""0-15"", ""7.5-15"")",45.8827744552174
"E7_Field 1T4","E7","E7_T4_RT_CR1",1993,"c(""0-7.5"", ""0-15"", ""7.5-15"")",45.9982744552174
"E7_Field 1T4","E7","E7_T4_NT_CR1",1996,"c(""0-7.5"", ""0-15"", ""7.5-15"")",47.6768744552174
"E7_Field 1T4","E7","E7_T4_NT_CR1",1999,"c(""0-7.5"", ""0-15"", ""7.5-15"", ""15-30"")",55.112985691
"E7_Field 1T4","E7","E7_T4_NT_CR1",2003,"c(""0-7.5"", ""0-15"", ""7.5-15"", ""15-30"")",60.8943558333333
"E7_Field 1T4","E7","E7_T4_NT_CR1",2009,"c(""0-7.5"", ""0-15"", ""7.5-15"", ""15-30"")",63.2580277688333
"E7_Field 1T4","E7","E7_T4_NT_CR1",2015,"c(""0-7.5"", ""0-15"", ""7.5-15"", ""15-30"")",59.0635013921667
"E7_Field 1T5","E7","E7_T5_RT_CR4",1987,"c(""0-7.5"", ""0-15"", ""7.5-15"", ""15-30"")",63.4338015625
"E7_Field 1T5","E7","E7_T5_RT_CR4",1990,"c(""0-7.5"", ""0-15"", ""7.5-15"")",45.7053932052174
"E7_Field 1T5","E7","E7_T5_RT_CR4",1993,"c(""0-7.5"", ""0-15"", ""7.5-15"")",46.3412994552174
"E7_Field 1T5","E7","E7_T5_NT_CR4",1996,"c(""0-7.5"", ""0-15"", ""7.5-15"")",47.9447807052174
"E7_Field 1T5","E7","E7_T5_NT_CR4",1999,"c(""0-7.5"", ""0-15"", ""7.5-15"", ""15-30"")",57.0660679166667
"E7_Field 1T5","E7","E7_T5_NT_CR4",2003,"c(""0-7.5"", ""0-15"", ""7.5-15"", ""15-30"")",64.3217879736667
"E7_Field 1T5","E7","E7_T5_NT_CR4",2009,"c(""0-7.5"", ""0-15"", ""7.5-15"", ""15-30"")",61.67318125
"E7_Field 1T5","E7","E7_T5_NT_CR4",2015,"c(""0-7.5"", ""0-15"", ""7.5-15"", ""15-30"")",62.58755625
"E7_Field 1T6","E7","E7_T6_RT_CR5",1987,"c(""0-7.5"", ""0-15"", ""7.5-15"", ""15-30"")",65.72408625
"E7_Field 1T6","E7","E7_T6_RT_CR5",1990,"c(""0-7.5"", ""0-15"", ""7.5-15"")",47.2632744552174
"E7_Field 1T6","E7","E7_T6_RT_CR5",1993,"c(""0-7.5"", ""0-15"", ""7.5-15"")",47.6262744552174
"E7_Field 1T6","E7","E7_T6_NT_CR5",1996,"c(""0-7.5"", ""0-15"", ""7.5-15"")",49.7679744552174
"E7_Field 1T6","E7","E7_T6_NT_CR5",1999,"c(""0-7.5"", ""0-15"", ""7.5-15"", ""15-30"")",67.1492866666667
"E7_Field 1T6","E7","E7_T6_NT_CR5",2003,"c(""0-7.5"", ""0-15"", ""7.5-15"", ""15-30"")",71.7982575
"E7_Field 1T6","E7","E7_T6_NT_CR5",2009,"c(""0-7.5"", ""0-15"", ""7.5-15"", ""15-30"")",70.3952625
"E7_Field 1T6","E7","E7_T6_NT_CR5",2015,"c(""0-7.5"", ""0-15"", ""7.5-15"", ""15-30"")",66.6427458333333
"E7_Field 1T7","E7","E7_T7_RT_CR5",1987,"c(""0-7.5"", ""0-15"", ""7.5-15"", ""15-30"")",67.3809965421667
"E7_Field 1T7","E7","E7_T7_RT_CR5",1990,"c(""0-7.5"", ""0-15"", ""7.5-15"")",46.9198494552174
"E7_Field 1T7","E7","E7_T7_RT_CR5",1993,"c(""0-7.5"", ""0-15"", ""7.5-15"")",47.5648994552174
"E7_Field 1T7","E7","E7_T7_NT_CR5",1996,"c(""0-7.5"", ""0-15"", ""7.5-15"")",49.6995494552174
"E7_Field 1T7","E7","E7_T7_NT_CR5",1999,"c(""0-7.5"", ""0-15"", ""7.5-15"", ""15-30"")",59.66968625
"E7_Field 1T7","E7","E7_T7_NT_CR5",2003,"c(""0-7.5"", ""0-15"", ""7.5-15"", ""15-30"")",67.9803975
"E7_Field 1T7","E7","E7_T7_NT_CR5",2009,"c(""0-7.5"", ""0-15"", ""7.5-15"", ""15-30"")",67.5339666666667
"E7_Field 1T7","E7","E7_T7_NT_CR5",2015,"c(""0-7.5"", ""0-15"", ""7.5-15"", ""15-30"")",70.5019375
"E7_Field 1T8","E7","E7_T8_RT_CR5",1987,"c(""0-7.5"", ""0-15"", ""7.5-15"", ""15-30"")",58.6734720833333
"E7_Field 1T8","E7","E7_T8_RT_CR5",1990,"c(""0-7.5"", ""0-15"", ""7.5-15"")",45.1479744552174
"E7_Field 1T8","E7","E7_T8_RT_CR5",1993,"c(""0-7.5"", ""0-15"", ""7.5-15"")",45.9465744552174
"E7_Field 1T8","E7","E7_T8_NT_CR5",1996,"c(""0-7.5"", ""0-15"", ""7.5-15"")",47.7846744552174
"E7_Field 1T8","E7","E7_T8_NT_CR5",1999,"c(""0-7.5"", ""0-15"", ""7.5-15"", ""15-30"")",57.3967183333333
"E7_Field 1T9","E7","E7_T9_NT_CR6",2003,"c(""0-7.5"", ""0-15"", ""7.5-15"", ""15-30"")",63.3789673555
"E7_Field 1T9","E7","E7_T9_NT_CR6",2009,"c(""0-7.5"", ""0-15"", ""7.5-15"", ""15-30"")",66.3052666666667
"E7_Field 1T9","E7","E7_T9_NT_CR6",2015,"c(""0-7.5"", ""0-15"", ""7.5-15"", ""15-30"")",63.4404411641667
"E7_Field 2T1","E7","E7_T1_RT_CR1",1987,"c(""0-7.5"", ""0-15"", ""7.5-15"", ""15-30"")",64.5436745833333
"E7_Field 2T1","E7","E7_T1_RT_CR1",1990,"c(""0-7.5"", ""0-15"", ""7.5-15"")",45.7808327852174
"E7_Field 2T1","E7","E7_T1_RT_CR1",1993,"c(""0-7.5"", ""0-15"", ""7.5-15"")",45.7164244552174
"E7_Field 2T1","E7","E7_T1_NT_CR1",1996,"c(""0-7.5"", ""0-15"", ""7.5-15"")",47.9019411252174
"E7_Field 2T1","E7","E7_T1_NT_CR1",1999,"c(""0-7.5"", ""0-15"", ""7.5-15"", ""15-30"")",55.9106315215
"E7_Field 2T1","E7","E7_T1_NT_CR1",2003,"c(""0-7.5"", ""0-15"", ""7.5-15"", ""15-30"")",62.3825249395
"E7_Field 2T1","E7","E7_T1_NT_CR1",2009,"c(""0-7.5"", ""0-15"", ""7.5-15"", ""15-30"")",61.8809125021667
"E7_Field 2T1","E7","E7_T1_NT_CR1",2015,"c(""0-7.5"", ""0-15"", ""7.5-15"", ""15-30"")",58.4596319411667
"E7_Field 2T2","E7","E7_T2_RT_CR2",1987,"c(""0-7.5"", ""0-15"", ""7.5-15"", ""15-30"")",64.1139333411667
"E7_Field 2T2","E7","E7_T2_RT_CR2",1990,"c(""0-7.5"", ""0-15"", ""7.5-15"")",45.7663411252174
"E7_Field 2T2","E7","E7_T2_RT_CR2",1993,"c(""0-7.5"", ""0-15"", ""7.5-15"")",46.5398411252174
"E7_Field 2T2","E7","E7_T2_NT_CR2",1996,"c(""0-7.5"", ""0-15"", ""7.5-15"")",48.3836744552174
"E7_Field 2T2","E7","E7_T2_NT_CR2",1999,"c(""0-7.5"", ""0-15"", ""7.5-15"", ""15-30"")",59.6006386021667
"E7_Field 2T2","E7","E7_T2_NT_CR2",2003,"c(""0-7.5"", ""0-15"", ""7.5-15"", ""15-30"")",65.2517427083333
"E7_Field 2T2","E7","E7_T2_NT_CR2",2009,"c(""0-7.5"", ""0-15"", ""7.5-15"", ""15-30"")",65.5015166588333
"E7_Field 2T2","E7","E7_T2_NT_CR2",2015,"c(""0-7.5"", ""0-15"", ""7.5-15"", ""15-30"")",65.0725972311667
"E7_Field 2T3","E7","E7_T3_RT_CR3",1987,"c(""0-7.5"", ""0-15"", ""7.5-15"", ""15-30"")",63.4955763845
"E7_Field 2T3","E7","E7_T3_RT_CR3",1990,"c(""0-7.5"", ""0-15"", ""7.5-15"")",46.4488411252174
"E7_Field 2T3","E7","E7_T3_RT_CR3",1993,"c(""0-7.5"", ""0-15"", ""7.5-15"")",46.2419244552174
"E7_Field 2T3","E7","E7_T3_NT_CR3",1996,"c(""0-7.5"", ""0-15"", ""7.5-15"")",47.3100911252174
"E7_Field 2T3","E7","E7_T3_NT_CR3",1999,"c(""0-7.5"", ""0-15"", ""7.5-15"", ""15-30"")",61.1364284755
"E7_Field 2T4","E7","E7_T4_RT_CR1",1987,"c(""0-7.5"", ""0-15"", ""7.5-15"", ""15-30"")",62.6228288435
"E7_Field 2T4","E7","E7_T4_RT_CR1",1990,"c(""0-7.5"", ""0-15"", ""7.5-15"")",45.8827744552174
"E7_Field 2T4","E7","E7_T4_RT_CR1",1993,"c(""0-7.5"", ""0-15"", ""7.5-15"")",45.9982744552174
"E7_Field 2T4","E7","E7_T4_NT_CR1",1996,"c(""0-7.5"", ""0-15"", ""7.5-15"")",47.6768744552174
"E7_Field 2T4","E7","E7_T4_NT_CR1",1999,"c(""0-7.5"", ""0-15"", ""7.5-15"", ""15-30"")",55.112985691
"E7_Field 2T4","E7","E7_T4_NT_CR1",2003,"c(""0-7.5"", ""0-15"", ""7.5-15"", ""15-30"")",60.8943558333333
"E7_Field 2T4","E7","E7_T4_NT_CR1",2009,"c(""0-7.5"", ""0-15"", ""7.5-15"", ""15-30"")",63.2580277688333
"E7_Field 2T4","E7","E7_T4_NT_CR1",2015,"c(""0-7.5"", ""0-15"", ""7.5-15"", ""15-30"")",59.0635013921667
"E7_Field 2T5","E7","E7_T5_RT_CR4",1987,"c(""0-7.5"", ""0-15"", ""7.5-15"", ""15-30"")",63.4338015625
"E7_Field 2T5","E7","E7_T5_RT_CR4",1990,"c(""0-7.5"", ""0-15"", ""7.5-15"")",45.7053932052174
"E7_Field 2T5","E7","E7_T5_RT_CR4",1993,"c(""0-7.5"", ""0-15"", ""7.5-15"")",46.3412994552174
"E7_Field 2T5","E7","E7_T5_NT_CR4",1996,"c(""0-7.5"", ""0-15"", ""7.5-15"")",47.9447807052174
"E7_Field 2T5","E7","E7_T5_NT_CR4",1999,"c(""0-7.5"", ""0-15"", ""7.5-15"", ""15-30"")",57.0660679166667
"E7_Field 2T5","E7","E7_T5_NT_CR4",2003,"c(""0-7.5"", ""0-15"", ""7.5-15"", ""15-30"")",64.3217879736667
"E7_Field 2T5","E7","E7_T5_NT_CR4",2009,"c(""0-7.5"", ""0-15"", ""7.5-15"", ""15-30"")",61.67318125
"E7_Field 2T5","E7","E7_T5_NT_CR4",2015,"c(""0-7.5"", ""0-15"", ""7.5-15"", ""15-30"")",62.58755625
"E7_Field 2T9","E7","E7_T9_NT_CR6",2003,"c(""0-7.5"", ""0-15"", ""7.5-15"", ""15-30"")",63.3789673555
"E7_Field 2T9","E7","E7_T9_NT_CR6",2009,"c(""0-7.5"", ""0-15"", ""7.5-15"", ""15-30"")",66.3052666666667
"E7_Field 2T9","E7","E7_T9_NT_CR6",2015,"c(""0-7.5"", ""0-15"", ""7.5-15"", ""15-30"")",63.4404411641667
"E7_Field 3T1","E7","E7_T1_RT_CR1",1987,"c(""0-7.5"", ""0-15"", ""7.5-15"", ""15-30"")",64.5436745833333
"E7_Field 3T1","E7","E7_T1_RT_CR1",1990,"c(""0-7.5"", ""0-15"", ""7.5-15"")",45.7808327852174
"E7_Field 3T1","E7","E7_T1_RT_CR1",1993,"c(""0-7.5"", ""0-15"", ""7.5-15"")",45.7164244552174
"E7_Field 3T1","E7","E7_T1_NT_CR1",1996,"c(""0-7.5"", ""0-15"", ""7.5-15"")",47.9019411252174
"E7_Field 3T1","E7","E7_T1_NT_CR1",1999,"c(""0-7.5"", ""0-15"", ""7.5-15"", ""15-30"")",55.9106315215
"E7_Field 3T1","E7","E7_T1_NT_CR1",2003,"c(""0-7.5"", ""0-15"", ""7.5-15"", ""15-30"")",62.3825249395
"E7_Field 3T1","E7","E7_T1_NT_CR1",2009,"c(""0-7.5"", ""0-15"", ""7.5-15"", ""15-30"")",61.8809125021667
"E7_Field 3T1","E7","E7_T1_NT_CR1",2015,"c(""0-7.5"", ""0-15"", ""7.5-15"", ""15-30"")",58.4596319411667
"E7_Field 3T2","E7","E7_T2_RT_CR2",1987,"c(""0-7.5"", ""0-15"", ""7.5-15"", ""15-30"")",64.1139333411667
"E7_Field 3T2","E7","E7_T2_RT_CR2",1990,"c(""0-7.5"", ""0-15"", ""7.5-15"")",45.7663411252174
"E7_Field 3T2","E7","E7_T2_RT_CR2",1993,"c(""0-7.5"", ""0-15"", ""7.5-15"")",46.5398411252174
"E7_Field 3T2","E7","E7_T2_NT_CR2",1996,"c(""0-7.5"", ""0-15"", ""7.5-15"")",48.3836744552174
"E7_Field 3T2","E7","E7_T2_NT_CR2",1999,"c(""0-7.5"", ""0-15"", ""7.5-15"", ""15-30"")",59.6006386021667
"E7_Field 3T2","E7","E7_T2_NT_CR2",2003,"c(""0-7.5"", ""0-15"", ""7.5-15"", ""15-30"")",65.2517427083333
"E7_Field 3T2","E7","E7_T2_NT_CR2",2009,"c(""0-7.5"", ""0-15"", ""7.5-15"", ""15-30"")",65.5015166588333
"E7_Field 3T2","E7","E7_T2_NT_CR2",2015,"c(""0-7.5"", ""0-15"", ""7.5-15"", ""15-30"")",65.0725972311667
"E7_Field 3T3","E7","E7_T3_RT_CR3",1987,"c(""0-7.5"", ""0-15"", ""7.5-15"", ""15-30"")",63.4955763845
"E7_Field 3T3","E7","E7_T3_RT_CR3",1990,"c(""0-7.5"", ""0-15"", ""7.5-15"")",46.4488411252174
"E7_Field 3T3","E7","E7_T3_RT_CR3",1993,"c(""0-7.5"", ""0-15"", ""7.5-15"")",46.2419244552174
"E7_Field 3T3","E7","E7_T3_NT_CR3",1996,"c(""0-7.5"", ""0-15"", ""7.5-15"")",47.3100911252174
"E7_Field 3T3","E7","E7_T3_NT_CR3",1999,"c(""0-7.5"", ""0-15"", ""7.5-15"", ""15-30"")",61.1364284755
"E7_Field 3T4","E7","E7_T4_RT_CR1",1987,"c(""0-7.5"", ""0-15"", ""7.5-15"", ""15-30"")",62.6228288435
"E7_Field 3T4","E7","E7_T4_RT_CR1",1990,"c(""0-7.5"", ""0-15"", ""7.5-15"")",45.8827744552174
"E7_Field 3T4","E7","E7_T4_RT_CR1",1993,"c(""0-7.5"", ""0-15"", ""7.5-15"")",45.9982744552174
"E7_Field 3T4","E7","E7_T4_NT_CR1",1996,"c(""0-7.5"", ""0-15"", ""7.5-15"")",47.6768744552174
"E7_Field 3T4","E7","E7_T4_NT_CR1",1999,"c(""0-7.5"", ""0-15"", ""7.5-15"", ""15-30"")",55.112985691
"E7_Field 3T4","E7","E7_T4_NT_CR1",2003,"c(""0-7.5"", ""0-15"", ""7.5-15"", ""15-30"")",60.8943558333333
"E7_Field 3T4","E7","E7_T4_NT_CR1",2009,"c(""0-7.5"", ""0-15"", ""7.5-15"", ""15-30"")",63.2580277688333
"E7_Field 3T4","E7","E7_T4_NT_CR1",2015,"c(""0-7.5"", ""0-15"", ""7.5-15"", ""15-30"")",59.0635013921667
"E7_Field 3T5","E7","E7_T5_RT_CR4",1987,"c(""0-7.5"", ""0-15"", ""7.5-15"", ""15-30"")",63.4338015625
"E7_Field 3T5","E7","E7_T5_RT_CR4",1990,"c(""0-7.5"", ""0-15"", ""7.5-15"")",45.7053932052174
"E7_Field 3T5","E7","E7_T5_RT_CR4",1993,"c(""0-7.5"", ""0-15"", ""7.5-15"")",46.3412994552174
"E7_Field 3T5","E7","E7_T5_NT_CR4",1996,"c(""0-7.5"", ""0-15"", ""7.5-15"")",47.9447807052174
"E7_Field 3T5","E7","E7_T5_NT_CR4",1999,"c(""0-7.5"", ""0-15"", ""7.5-15"", ""15-30"")",57.0660679166667
"E7_Field 3T5","E7","E7_T5_NT_CR4",2003,"c(""0-7.5"", ""0-15"", ""7.5-15"", ""15-30"")",64.3217879736667
"E7_Field 3T5","E7","E7_T5_NT_CR4",2009,"c(""0-7.5"", ""0-15"", ""7.5-15"", ""15-30"")",61.67318125
"E7_Field 3T5","E7","E7_T5_NT_CR4",2015,"c(""0-7.5"", ""0-15"", ""7.5-15"", ""15-30"")",62.58755625
"E7_Field 3T9","E7","E7_T9_NT_CR6",2003,"c(""0-7.5"", ""0-15"", ""7.5-15"", ""15-30"")",63.3789673555
"E7_Field 3T9","E7","E7_T9_NT_CR6",2009,"c(""0-7.5"", ""0-15"", ""7.5-15"", ""15-30"")",66.3052666666667
"E7_Field 3T9","E7","E7_T9_NT_CR6",2015,"c(""0-7.5"", ""0-15"", ""7.5-15"", ""15-30"")",63.4404411641667
"E7_Field 4T5","E7","E7_T5_RT_CR4",1987,"c(""0-7.5"", ""0-15"", ""7.5-15"", ""15-30"")",63.4338015625
"E7_Field 4T5","E7","E7_T5_RT_CR4",1990,"c(""0-7.5"", ""0-15"", ""7.5-15"")",45.7053932052174
"E7_Field 4T5","E7","E7_T5_RT_CR4",1993,"c(""0-7.5"", ""0-15"", ""7.5-15"")",46.3412994552174
"E7_Field 4T5","E7","E7_T5_NT_CR4",1996,"c(""0-7.5"", ""0-15"", ""7.5-15"")",47.9447807052174
"E7_Field 4T5","E7","E7_T5_NT_CR4",1999,"c(""0-7.5"", ""0-15"", ""7.5-15"", ""15-30"")",57.0660679166667
"E7_Field 4T5","E7","E7_T5_NT_CR4",2003,"c(""0-7.5"", ""0-15"", ""7.5-15"", ""15-30"")",64.3217879736667
"E7_Field 4T5","E7","E7_T5_NT_CR4",2009,"c(""0-7.5"", ""0-15"", ""7.5-15"", ""15-30"")",61.67318125
"E7_Field 4T5","E7","E7_T5_NT_CR4",2015,"c(""0-7.5"", ""0-15"", ""7.5-15"", ""15-30"")",62.58755625
"E7_Field 4T9","E7","E7_T9_NT_CR6",2003,"c(""0-7.5"", ""0-15"", ""7.5-15"", ""15-30"")",63.3789673555
"E7_Field 4T9","E7","E7_T9_NT_CR6",2009,"c(""0-7.5"", ""0-15"", ""7.5-15"", ""15-30"")",66.3052666666667
"E7_Field 4T9","E7","E7_T9_NT_CR6",2015,"c(""0-7.5"", ""0-15"", ""7.5-15"", ""15-30"")",63.4404411641667
"E8_Field 1T1","E8","E8_T1_CT_CR1",2000,"c(""0-7.5"", ""0-15"", ""7.5-15"")",52.9971406244444
"E8_Field 1T2","E8","E8_T2_CT_CR2",2000,"c(""0-7.5"", ""0-15"", ""7.5-15"")",52.4584531244444
"E8_Field 1T2","E8","E8_T2_CT_CR2",2006,"0-15",49.9645937488889
"E8_Field 1T3","E8","E8_T3_CT_CR3",2000,"c(""0-7.5"", ""0-15"", ""7.5-15"")",52.6572031244445
"E8_Field 1T3","E8","E8_T3_CT_CR3",2012,"0-15",46.8115937488889
"E8_Field 1T4","E8","E8_T4_NT_CR4",2000,"c(""0-7.5"", ""0-15"", ""7.5-15"")",53.1502812544445
"E8_Field 1T5","E8","E8_T5_NT_CR3",2000,"c(""0-7.5"", ""0-15"", ""7.5-15"")",54.0646718744444
"E8_Field 1T6","E8","E8_T6_NT_CR1",2000,"c(""0-7.5"", ""0-15"", ""7.5-15"")",54.1309531244444
"E8_Field 1T7","E8","E8_T7_CT_CR5",2000,"c(""0-7.5"", ""0-15"", ""7.5-15"")",54.1292656244444
"E8_Field 1T8","E8","E8_T8_CT_CR6",2000,"c(""0-7.5"", ""0-15"", ""7.5-15"")",55.2740468744445
"E8_Field 1T9","E8","E8_T9_CT_CR7",2000,"c(""0-7.5"", ""0-15"", ""7.5-15"")",54.4379843744444
"E8_Field 2T1","E8","E8_T1_CT_CR1",2000,"c(""0-7.5"", ""0-15"", ""7.5-15"")",52.9971406244444
"E8_Field 2T2","E8","E8_T2_CT_CR2",2000,"c(""0-7.5"", ""0-15"", ""7.5-15"")",52.4584531244444
"E8_Field 2T2","E8","E8_T2_CT_CR2",2006,"0-15",49.9645937488889
"E8_Field 2T3","E8","E8_T3_CT_CR3",2000,"c(""0-7.5"", ""0-15"", ""7.5-15"")",52.6572031244445
"E8_Field 2T3","E8","E8_T3_CT_CR3",2012,"0-15",46.8115937488889
"E8_Field 2T4","E8","E8_T4_NT_CR4",2000,"c(""0-7.5"", ""0-15"", ""7.5-15"")",53.1502812544445
"E8_Field 2T5","E8","E8_T5_NT_CR3",2000,"c(""0-7.5"", ""0-15"", ""7.5-15"")",54.0646718744444
"E8_Field 2T6","E8","E8_T6_NT_CR1",2000,"c(""0-7.5"", ""0-15"", ""7.5-15"")",54.1309531244444
"E8_Field 2T7","E8","E8_T7_CT_CR5",2000,"c(""0-7.5"", ""0-15"", ""7.5-15"")",54.1292656244444
"E8_Field 2T8","E8","E8_T8_CT_CR6",2000,"c(""0-7.5"", ""0-15"", ""7.5-15"")",55.2740468744445
"E8_Field 2T9","E8","E8_T9_CT_CR7",2000,"c(""0-7.5"", ""0-15"", ""7.5-15"")",54.4379843744444
"E8_Field 3T1","E8","E8_T1_CT_CR1",2000,"c(""0-7.5"", ""0-15"", ""7.5-15"")",52.9971406244444
"E8_Field 3T2","E8","E8_T2_CT_CR2",2000,"c(""0-7.5"", ""0-15"", ""7.5-15"")",52.4584531244444
"E8_Field 3T2","E8","E8_T2_CT_CR2",2006,"0-15",49.9645937488889
"E8_Field 3T3","E8","E8_T3_CT_CR3",2000,"c(""0-7.5"", ""0-15"", ""7.5-15"")",52.6572031244445
"E8_Field 3T3","E8","E8_T3_CT_CR3",2012,"0-15",46.8115937488889
"E8_Field 3T4","E8","E8_T4_NT_CR4",2000,"c(""0-7.5"", ""0-15"", ""7.5-15"")",53.1502812544445
"E8_Field 3T5","E8","E8_T5_NT_CR3",2000,"c(""0-7.5"", ""0-15"", ""7.5-15"")",54.0646718744444
"E8_Field 3T6","E8","E8_T6_NT_CR1",2000,"c(""0-7.5"", ""0-15"", ""7.5-15"")",54.1309531244444
"E8_Field 3T7","E8","E8_T7_CT_CR5",2000,"c(""0-7.5"", ""0-15"", ""7.5-15"")",54.1292656244444
"E8_Field 3T8","E8","E8_T8_CT_CR6",2000,"c(""0-7.5"", ""0-15"", ""7.5-15"")",55.2740468744445
"E8_Field 3T9","E8","E8_T9_CT_CR7",2000,"c(""0-7.5"", ""0-15"", ""7.5-15"")",54.4379843744444
"E8_Field 4T1","E8","E8_T1_CT_CR1",2000,"c(""0-7.5"", ""0-15"", ""7.5-15"")",52.9971406244444
"E8_Field 4T2","E8","E8_T2_CT_CR2",2000,"c(""0-7.5"", ""0-15"", ""7.5-15"")",52.4584531244444
"E8_Field 4T2","E8","E8_T2_CT_CR2",2006,"0-15",49.9645937488889
"E8_Field 4T3","E8","E8_T3_CT_CR3",2000,"c(""0-7.5"", ""0-15"", ""7.5-15"")",52.6572031244445
"E8_Field 4T3","E8","E8_T3_CT_CR3",2012,"0-15",46.8115937488889
"E8_Field 4T4","E8","E8_T4_NT_CR4",2000,"c(""0-7.5"", ""0-15"", ""7.5-15"")",53.1502812544445
"E8_Field 4T5","E8","E8_T5_NT_CR3",2000,"c(""0-7.5"", ""0-15"", ""7.5-15"")",54.0646718744444
"E8_Field 4T6","E8","E8_T6_NT_CR1",2000,"c(""0-7.5"", ""0-15"", ""7.5-15"")",54.1309531244444
"E8_Field 4T7","E8","E8_T7_CT_CR5",2000,"c(""0-7.5"", ""0-15"", ""7.5-15"")",54.1292656244444
"E8_Field 4T8","E8","E8_T8_CT_CR6",2000,"c(""0-7.5"", ""0-15"", ""7.5-15"")",55.2740468744445
"E8_Field 4T9","E8","E8_T9_CT_CR7",2000,"c(""0-7.5"", ""0-15"", ""7.5-15"")",54.4379843744444
"E8_Field 5T1","E8","E8_T1_CT_CR1",2000,"c(""0-7.5"", ""0-15"", ""7.5-15"")",52.9971406244444
"E8_Field 5T2","E8","E8_T2_CT_CR2",2000,"c(""0-7.5"", ""0-15"", ""7.5-15"")",52.4584531244444
"E8_Field 5T2","E8","E8_T2_CT_CR2",2006,"0-15",49.9645937488889
"E8_Field 5T3","E8","E8_T3_CT_CR3",2000,"c(""0-7.5"", ""0-15"", ""7.5-15"")",52.6572031244445
"E8_Field 5T3","E8","E8_T3_CT_CR3",2012,"0-15",46.8115937488889
"E8_Field 5T4","E8","E8_T4_NT_CR4",2000,"c(""0-7.5"", ""0-15"", ""7.5-15"")",53.1502812544445
"E8_Field 5T5","E8","E8_T5_NT_CR3",2000,"c(""0-7.5"", ""0-15"", ""7.5-15"")",54.0646718744444
"E8_Field 5T6","E8","E8_T6_NT_CR1",2000,"c(""0-7.5"", ""0-15"", ""7.5-15"")",54.1309531244444
"E8_Field 5T7","E8","E8_T7_CT_CR5",2000,"c(""0-7.5"", ""0-15"", ""7.5-15"")",54.1292656244444
"E8_Field 5T8","E8","E8_T8_CT_CR6",2000,"c(""0-7.5"", ""0-15"", ""7.5-15"")",55.2740468744445
"E8_Field 5T9","E8","E8_T9_CT_CR7",2000,"c(""0-7.5"", ""0-15"", ""7.5-15"")",54.4379843744444
"E8_Field 6T1","E8","E8_T1_CT_CR1",2000,"c(""0-7.5"", ""0-15"", ""7.5-15"")",52.9971406244444
"E8_Field 6T2","E8","E8_T2_CT_CR2",2000,"c(""0-7.5"", ""0-15"", ""7.5-15"")",52.4584531244444
"E8_Field 6T2","E8","E8_T2_CT_CR2",2006,"0-15",49.9645937488889
"E8_Field 6T3","E8","E8_T3_CT_CR3",2000,"c(""0-7.5"", ""0-15"", ""7.5-15"")",52.6572031244445
"E8_Field 6T3","E8","E8_T3_CT_CR3",2012,"0-15",46.8115937488889
"E8_Field 6T4","E8","E8_T4_NT_CR4",2000,"c(""0-7.5"", ""0-15"", ""7.5-15"")",53.1502812544445
"E8_Field 6T5","E8","E8_T5_NT_CR3",2000,"c(""0-7.5"", ""0-15"", ""7.5-15"")",54.0646718744444
"E8_Field 6T6","E8","E8_T6_NT_CR1",2000,"c(""0-7.5"", ""0-15"", ""7.5-15"")",54.1309531244444
"E8_Field 6T7","E8","E8_T7_CT_CR5",2000,"c(""0-7.5"", ""0-15"", ""7.5-15"")",54.1292656244444
"E8_Field 6T8","E8","E8_T8_CT_CR6",2000,"c(""0-7.5"", ""0-15"", ""7.5-15"")",55.2740468744445
"E8_Field 6T9","E8","E8_T9_CT_CR7",2000,"c(""0-7.5"", ""0-15"", ""7.5-15"")",54.4379843744444
